Year,Home_goals,Away_goals,Home Team,Away Team,Home Team ISO,Away Team ISO,GDP Home,GDP Away
1930,4,1,france,mexico,FRA,MEX,,
1930,3,0,usa,belgium,USA,BEL,,
1930,2,1,yugoslavia,brazil,YUG,BRA,,
1930,3,1,romania,peru,ROU,PER,,
1930,1,0,argentina,france,ARG,FRA,,
1930,3,0,chile,mexico,CHL,MEX,,
1930,4,0,yugoslavia,bolivia,YUG,BOL,,
1930,3,0,usa,paraguay,USA,PRY,,
1930,1,0,uruguay,peru,URY,PER,,
1930,1,0,chile,france,CHL,FRA,,
1930,6,3,argentina,mexico,ARG,MEX,,
1930,4,0,brazil,bolivia,BRA,BOL,,
1930,1,0,paraguay,belgium,PRY,BEL,,
1930,4,0,uruguay,romania,URY,ROU,,
1930,3,1,argentina,chile,ARG,CHL,,
1930,6,1,argentina,usa,ARG,USA,,
1930,6,1,uruguay,yugoslavia,URY,YUG,,
1930,4,2,uruguay,argentina,URY,ARG,,
1934,3,2,austria,france,AUT,FRA,,
1934,4,2,hungary,egypt,HUN,EGY,,
1934,3,2,switzerland,netherlands,CHE,NLD,,
1934,3,2,sweden,argentina,SWE,ARG,,
1934,5,2,germany,belgium,DEU,BEL,,
1934,3,1,spain,brazil,ESP,BRA,,
1934,7,1,italy,usa,ITA,USA,,
1934,2,1,czechoslovakia,romania,CZE,ROU,,
1934,3,2,czechoslovakia,switzerland,CZE,CHE,,
1934,2,1,germany,sweden,DEU,SWE,,
1934,1,1,italy,spain,ITA,ESP,,
1934,2,1,austria,hungary,AUT,HUN,,
1934,1,0,italy,spain,ITA,ESP,,
1934,1,0,italy,austria,ITA,AUT,,
1934,3,1,czechoslovakia,germany,CZE,DEU,,
1934,3,2,germany,austria,DEU,AUT,,
1934,2,1,italy,czechoslovakia,ITA,CZE,,
1938,1,1,switzerland,germany,CHE,DEU,,
1938,6,0,hungary,dutch east indies,HUN,INH,,
1938,3,1,france,belgium,FRA,BEL,,
1938,3,3,cuba,romania,CUB,ROU,,
1938,2,1,italy,norway,ITA,NOR,,
1938,6,5,brazil,poland,BRA,POL,,
1938,3,0,czechoslovakia,netherlands,CZE,NLD,,
1938,2,1,cuba,romania,CUB,ROU,,
1938,4,2,switzerland,germany,CHE,DEU,,
1938,1,1,brazil,czechoslovakia,BRA,CZE,,
1938,2,0,hungary,switzerland,HUN,CHE,,
1938,8,0,sweden,cuba,SWE,CUB,,
1938,3,1,italy,france,ITA,FRA,,
1938,2,1,brazil,czechoslovakia,BRA,CZE,,
1938,5,1,hungary,sweden,HUN,SWE,,
1938,2,1,italy,brazil,ITA,BRA,,
1938,4,2,brazil,sweden,BRA,SWE,,
1938,4,2,italy,hungary,ITA,HUN,,
1950,4,0,brazil,mexico,BRA,MEX,,
1950,2,0,england,chile,ENG,CHL,,
1950,3,1,spain,usa,ESP,USA,,
1950,3,2,sweden,italy,SWE,ITA,,
1950,3,0,yugoslavia,switzerland,YUG,CHE,,
1950,2,2,brazil,switzerland,BRA,CHE,,
1950,4,1,yugoslavia,mexico,YUG,MEX,,
1950,2,0,spain,chile,ESP,CHL,,
1950,2,2,sweden,paraguay,SWE,PRY,,
1950,1,0,usa,england,USA,ENG,,
1950,2,0,brazil,yugoslavia,BRA,YUG,,
1950,1,0,spain,england,ESP,ENG,,
1950,2,0,italy,paraguay,ITA,PRY,,
1950,8,0,uruguay,bolivia,URY,BOL,,
1950,2,1,switzerland,mexico,CHE,MEX,,
1950,5,2,chile,usa,CHL,USA,,
1950,2,2,uruguay,spain,URY,ESP,,
1950,7,1,brazil,sweden,BRA,SWE,,
1950,6,1,brazil,spain,BRA,ESP,,
1950,3,2,uruguay,sweden,URY,SWE,,
1950,3,1,sweden,spain,SWE,ESP,,
1950,2,1,uruguay,brazil,URY,BRA,,
1954,2,0,uruguay,czechoslovakia,URY,CZE,,
1954,1,0,austria,scotland,AUT,SCT,,
1954,5,0,brazil,mexico,BRA,MEX,,
1954,1,0,yugoslavia,france,YUG,FRA,,
1954,4,1,germany fr,turkey,DEU,TUR,,
1954,9,0,hungary,korea republic,HUN,KOR,,
1954,4,4,england,belgium,ENG,BEL,,
1954,2,1,switzerland,italy,CHE,ITA,,
1954,7,0,uruguay,scotland,URY,SCT,,
1954,5,0,austria,czechoslovakia,AUT,CZE,,
1954,3,2,france,mexico,FRA,MEX,,
1954,1,1,brazil,yugoslavia,BRA,YUG,,
1954,8,3,hungary,germany fr,HUN,DEU,,
1954,7,0,turkey,korea republic,TUR,KOR,,
1954,2,0,england,switzerland,ENG,CHE,,
1954,4,1,italy,belgium,ITA,BEL,,
1954,7,2,germany fr,turkey,DEU,TUR,,
1954,4,1,switzerland,italy,CHE,ITA,,
1954,4,2,uruguay,england,URY,ENG,,
1954,7,5,austria,switzerland,AUT,CHE,,
1954,2,0,germany fr,yugoslavia,DEU,YUG,,
1954,4,2,hungary,brazil,HUN,BRA,,
1954,6,1,germany fr,austria,DEU,AUT,,
1954,4,2,hungary,uruguay,HUN,URY,,
1954,3,1,austria,uruguay,AUT,URY,,
1954,3,2,germany fr,hungary,DEU,HUN,,
1958,3,0,sweden,mexico,SWE,MEX,,
1958,2,2,soviet union,england,SUN,ENG,,
1958,1,3,argentina,germany fr,ARG,DEU,,
1958,1,1,hungary,wales,HUN,WLS,,
1958,7,3,france,paraguay,FRA,PRY,,
1958,1,1,yugoslavia,scotland,YUG,SCT,,
1958,3,0,brazil,austria,BRA,AUT,,
1958,1,0,northern ireland,czechoslovakia,NIL,CZE,,
1958,0,0,brazil,england,BRA,ENG,,
1958,1,1,mexico,wales,MEX,WLS,,
1958,3,2,paraguay,scotland,PRY,SCT,,
1958,3,2,yugoslavia,france,YUG,FRA,,
1958,2,0,soviet union,austria,SUN,AUT,,
1958,2,2,germany fr,czechoslovakia,DEU,CZE,,
1958,3,1,argentina,northern ireland,ARG,NIL,,
1958,2,1,sweden,hungary,SWE,HUN,,
1958,0,0,sweden,wales,SWE,WLS,,
1958,2,0,brazil,soviet union,BRA,SUN,,
1958,2,2,germany fr,northern ireland,DEU,NIL,,
1958,4,0,hungary,mexico,HUN,MEX,,
1958,3,3,paraguay,yugoslavia,PRY,YUG,,
1958,2,1,france,scotland,FRA,SCT,,
1958,2,2,england,austria,ENG,AUT,,
1958,6,1,czechoslovakia,argentina,CZE,ARG,,
1958,1,0,soviet union,england,SUN,ENG,,
1958,2,1,northern ireland,czechoslovakia,NIL,CZE,,
1958,2,1,wales,hungary,WLS,HUN,,
1958,1,0,brazil,wales,BRA,WLS,,
1958,1,0,germany fr,yugoslavia,DEU,YUG,,
1958,2,0,sweden,soviet union,SWE,SUN,,
1958,4,0,france,northern ireland,FRA,NIL,,
1958,3,1,sweden,germany fr,SWE,DEU,,
1958,5,2,brazil,france,BRA,FRA,,
1958,6,3,france,germany fr,FRA,DEU,,
1958,5,2,brazil,sweden,BRA,SWE,,
1962,2,1,uruguay,colombia,URY,COL,680.299518344434,296.893804730888
1962,2,0,brazil,mexico,BRA,MEX,,392.934591409938
1962,1,0,argentina,bulgaria,ARG,BGR,,
1962,3,1,chile,switzerland,CHL,CHE,663.587769703281,2131.39165159983
1962,2,0,soviet union,yugoslavia,SUN,YUG,,
1962,1,0,czechoslovakia,spain,CZE,ESP,,520.206131380005
1962,2,1,hungary,england,HUN,ENG,,
1962,0,0,germany fr,italy,DEU,ITA,,990.26015216342
1962,3,1,yugoslavia,uruguay,YUG,URY,,680.299518344434
1962,0,0,brazil,czechoslovakia,BRA,CZE,,
1962,3,1,england,argentina,ENG,ARG,,
1962,2,0,chile,italy,CHL,ITA,663.587769703281,990.26015216342
1962,4,4,soviet union,colombia,SUN,COL,,296.893804730888
1962,1,0,spain,mexico,ESP,MEX,520.206131380005,392.934591409938
1962,6,1,hungary,bulgaria,HUN,BGR,,
1962,2,1,germany fr,switzerland,DEU,CHE,,2131.39165159983
1962,2,1,soviet union,uruguay,SUN,URY,,680.299518344434
1962,2,1,brazil,spain,BRA,ESP,,520.206131380005
1962,0,0,hungary,argentina,HUN,ARG,,
1962,2,0,germany fr,chile,DEU,CHL,,663.587769703281
1962,5,0,yugoslavia,colombia,YUG,COL,,296.893804730888
1962,3,1,mexico,czechoslovakia,MEX,CZE,392.934591409938,
1962,0,0,england,bulgaria,ENG,BGR,,
1962,3,0,italy,switzerland,ITA,CHE,990.26015216342,2131.39165159983
1962,2,1,chile,soviet union,CHL,SUN,663.587769703281,
1962,3,1,brazil,england,BRA,ENG,,
1962,1,0,czechoslovakia,hungary,CZE,HUN,,
1962,1,0,yugoslavia,germany fr,YUG,DEU,,
1962,3,1,czechoslovakia,yugoslavia,CZE,YUG,,
1962,4,2,brazil,chile,BRA,CHL,,663.587769703281
1962,1,0,chile,yugoslavia,CHL,YUG,663.587769703281,
1962,3,1,brazil,czechoslovakia,BRA,CZE,,
1966,0,0,england,uruguay,ENG,URY,,666.987641642522
1966,5,0,germany fr,switzerland,DEU,CHE,,2784.73354771646
1966,2,0,brazil,bulgaria,BRA,BGR,,
1966,3,0,soviet union,korea dpr,SUN,PRK,,
1966,1,1,france,mexico,FRA,MEX,2209.0001728109,550.46988331057
1966,3,1,portugal,hungary,PRT,HUN,575.007680668221,
1966,2,1,argentina,spain,ARG,ESP,,889.659872011529
1966,2,0,italy,chile,ITA,CHL,1402.44235441032,781.806100879469
1966,2,1,uruguay,france,URY,FRA,666.987641642522,2209.0001728109
1966,2,1,spain,switzerland,ESP,CHE,889.659872011529,2784.73354771646
1966,3,1,hungary,brazil,HUN,BRA,,
1966,1,1,korea dpr,chile,PRK,CHL,,781.806100879469
1966,3,0,portugal,bulgaria,PRT,BGR,575.007680668221,
1966,0,0,germany fr,argentina,DEU,ARG,,
1966,1,0,soviet union,italy,SUN,ITA,,1402.44235441032
1966,2,0,england,mexico,ENG,MEX,,550.46988331057
1966,0,0,uruguay,mexico,URY,MEX,666.987641642522,550.46988331057
1966,2,0,argentina,switzerland,ARG,CHE,,2784.73354771646
1966,3,1,portugal,brazil,PRT,BRA,575.007680668221,
1966,1,0,korea dpr,italy,PRK,ITA,,1402.44235441032
1966,2,0,england,france,ENG,FRA,,2209.0001728109
1966,3,1,hungary,bulgaria,HUN,BGR,,
1966,2,1,germany fr,spain,DEU,ESP,,889.659872011529
1966,2,1,soviet union,chile,SUN,CHL,,781.806100879469
1966,1,0,england,argentina,ENG,ARG,,
1966,4,0,germany fr,uruguay,DEU,URY,,666.987641642522
1966,2,1,soviet union,hungary,SUN,HUN,,
1966,5,3,portugal,korea dpr,PRT,PRK,575.007680668221,
1966,2,1,germany fr,soviet union,DEU,SUN,,
1966,2,1,england,portugal,ENG,PRT,,575.007680668221
1966,2,1,portugal,soviet union,PRT,SUN,575.007680668221,
1966,4,2,england,germany fr,ENG,DEU,,
1970,0,0,mexico,soviet union,MEX,SUN,706.313187141616,
1970,2,0,uruguay,israel,URY,ISR,765.911758988321,
1970,3,2,peru,bulgaria,PER,BGR,,
1970,1,0,england,romania,ENG,ROU,,
1970,1,0,italy,sweden,ITA,SWE,2106.86395924945,4736.21715377766
1970,2,1,germany fr,morocco,DEU,MAR,2761.16683289339,257.729644775391
1970,4,1,brazil,czechoslovakia,BRA,CZE,,
1970,3,0,belgium,el salvador,BEL,SLV,2765.89099664794,313.040018347154
1970,0,0,uruguay,italy,URY,ITA,765.911758988321,2106.86395924945
1970,3,0,peru,morocco,PER,MAR,,257.729644775391
1970,2,1,romania,czechoslovakia,ROU,CZE,,
1970,4,1,soviet union,belgium,SUN,BEL,,2765.89099664794
1970,1,1,sweden,israel,SWE,ISR,4736.21715377766,
1970,5,2,germany fr,bulgaria,DEU,BGR,2761.16683289339,
1970,1,0,brazil,england,BRA,ENG,,
1970,4,0,mexico,el salvador,MEX,SLV,706.313187141616,313.040018347154
1970,1,0,sweden,uruguay,SWE,URY,4736.21715377766,765.911758988321
1970,3,1,germany fr,peru,DEU,PER,2761.16683289339,
1970,3,2,brazil,romania,BRA,ROU,,
1970,2,0,soviet union,el salvador,SUN,SLV,,313.040018347154
1970,0,0,italy,israel,ITA,ISR,2106.86395924945,
1970,1,1,bulgaria,morocco,BGR,MAR,,257.729644775391
1970,1,0,england,czechoslovakia,ENG,CZE,,
1970,1,0,mexico,belgium,MEX,BEL,706.313187141616,2765.89099664794
1970,4,1,italy,mexico,ITA,MEX,2106.86395924945,706.313187141616
1970,3,2,germany fr,england,DEU,ENG,2761.16683289339,
1970,4,2,brazil,peru,BRA,PER,,
1970,1,0,uruguay,soviet union,URY,SUN,765.911758988321,
1970,3,1,brazil,uruguay,BRA,URY,,765.911758988321
1970,4,3,italy,germany fr,ITA,DEU,2106.86395924945,2761.16683289339
1970,1,0,germany fr,uruguay,DEU,URY,2761.16683289339,765.911758988321
1970,4,1,brazil,italy,BRA,ITA,,2106.86395924945
1974,0,0,brazil,yugoslavia,BRA,YUG,,
1974,1,0,germany fr,chile,DEU,CHL,5639.07762129679,1547.79824465073
1974,2,0,german dr,australia,DEU,AUS,5639.07762129679,6482.83108182526
1974,0,2,zaire,scotland,COD,SCT,,
1974,0,2,uruguay,netherlands,URY,NLD,1433.78756147123,6440.97842006268
1974,0,0,sweden,bulgaria,SWE,BGR,8089.91458466682,
1974,3,1,italy,haiti,ITA,HTI,3621.14582247876,112.390858425137
1974,3,2,poland,argentina,POL,ARG,,
1974,0,3,australia,germany fr,AUS,DEU,6482.83108182526,5639.07762129679
1974,0,0,scotland,brazil,SCT,BRA,,
1974,1,1,chile,german dr,CHL,DEU,1547.79824465073,5639.07762129679
1974,9,0,yugoslavia,zaire,YUG,COD,,
1974,0,0,netherlands,sweden,NLD,SWE,6440.97842006268,8089.91458466682
1974,1,1,bulgaria,uruguay,BGR,URY,,1433.78756147123
1974,0,7,haiti,poland,HTI,POL,112.390858425137,
1974,1,1,argentina,italy,ARG,ITA,,3621.14582247876
1974,1,1,scotland,yugoslavia,SCT,YUG,,
1974,0,0,australia,chile,AUS,CHL,6482.83108182526,1547.79824465073
1974,0,3,zaire,brazil,COD,BRA,,
1974,1,0,german dr,germany fr,DEU,DEU,5639.07762129679,5639.07762129679
1974,1,4,bulgaria,netherlands,BGR,NLD,,6440.97842006268
1974,4,1,argentina,haiti,ARG,HTI,,112.390858425137
1974,3,0,sweden,uruguay,SWE,URY,8089.91458466682,1433.78756147123
1974,2,1,poland,italy,POL,ITA,,3621.14582247876
1974,0,2,yugoslavia,germany fr,YUG,DEU,,5639.07762129679
1974,1,0,brazil,german dr,BRA,DEU,,5639.07762129679
1974,4,0,netherlands,argentina,NLD,ARG,6440.97842006268,
1974,0,1,sweden,poland,SWE,POL,8089.91458466682,
1974,1,2,argentina,brazil,ARG,BRA,,
1974,2,1,poland,yugoslavia,POL,YUG,,
1974,0,2,german dr,netherlands,DEU,NLD,5639.07762129679,6440.97842006268
1974,4,2,germany fr,sweden,DEU,SWE,5639.07762129679,8089.91458466682
1974,0,1,poland,germany fr,POL,DEU,,5639.07762129679
1974,2,0,netherlands,brazil,NLD,BRA,6440.97842006268,
1974,1,1,argentina,german dr,ARG,DEU,,5639.07762129679
1974,2,1,sweden,yugoslavia,SWE,YUG,8089.91458466682,
1974,0,1,brazil,poland,BRA,POL,,
1974,1,2,netherlands,germany fr,NLD,DEU,6440.97842006268,5639.07762129679
1978,0,0,germany fr,poland,DEU,POL,9482.04284964716,
1978,2,1,italy,france,ITA,FRA,5610.49809928171,9299.77404965756
1978,3,1,tunisia,mexico,TUN,MEX,954.20917698629,1600.7824699249
1978,2,1,argentina,hungary,ARG,HUN,,
1978,1,1,sweden,brazil,SWE,BRA,12620.5186141512,
1978,2,1,austria,spain,AUT,ESP,8205.4689771504,4356.43922031196
1978,3,1,peru,scotland,PER,SCT,,
1978,3,0,netherlands,ir iran,NLD,IRN,11179.3895620565,2166.89034831665
1978,3,1,italy,hungary,ITA,HUN,5610.49809928171,
1978,1,0,poland,tunisia,POL,TUN,,954.20917698629
1978,6,0,germany fr,mexico,DEU,MEX,9482.04284964716,1600.7824699249
1978,2,1,argentina,france,ARG,FRA,,9299.77404965756
1978,0,0,brazil,spain,BRA,ESP,,4356.43922031196
1978,1,0,austria,sweden,AUT,SWE,8205.4689771504,12620.5186141512
1978,1,1,scotland,ir iran,SCT,IRN,,2166.89034831665
1978,0,0,netherlands,peru,NLD,PER,11179.3895620565,
1978,3,1,france,hungary,FRA,HUN,9299.77404965756,
1978,3,1,poland,mexico,POL,MEX,,1600.7824699249
1978,0,0,germany fr,tunisia,DEU,TUN,9482.04284964716,954.20917698629
1978,1,0,italy,argentina,ITA,ARG,5610.49809928171,
1978,1,0,brazil,austria,BRA,AUT,,8205.4689771504
1978,1,0,spain,sweden,ESP,SWE,4356.43922031196,12620.5186141512
1978,4,1,peru,iran,PER,IRN,,2166.89034831665
1978,3,2,scotland,netherlands,SCT,NLD,,11179.3895620565
1978,0,0,germany fr,italy,DEU,ITA,9482.04284964716,5610.49809928171
1978,5,1,netherlands,austria,NLD,AUT,11179.3895620565,8205.4689771504
1978,3,0,brazil,peru,BRA,PER,,
1978,2,0,argentina,poland,ARG,POL,,
1978,1,0,poland,peru,POL,PER,,
1978,1,0,italy,austria,ITA,AUT,5610.49809928171,8205.4689771504
1978,2,2,germany fr,netherlands,DEU,NLD,9482.04284964716,11179.3895620565
1978,0,0,argentina,brazil,ARG,BRA,,
1978,2,1,netherlands,italy,NLD,ITA,11179.3895620565,5610.49809928171
1978,3,2,austria,germany fr,AUT,DEU,8205.4689771504,9482.04284964716
1978,3,1,brazil,poland,BRA,POL,,
1978,6,0,argentina,peru,ARG,PER,,
1978,2,1,brazil,italy,BRA,ITA,,5610.49809928171
1978,3,1,argentina,netherlands,ARG,NLD,,11179.3895620565
1982,0,1,argentina,belgium,ARG,BEL,,9343.86109959618
1982,0,0,italy,poland,ITA,POL,7556.52343693203,
1982,2,1,brazil,soviet union,BRA,SUN,,
1982,0,0,peru,cameroon,PER,CMR,827.410231000004,730.768895169711
1982,10,1,hungary,el salvador,HUN,SLV,,738.969574147634
1982,5,2,scotland,new zealand,SCT,NZL,,7656.47573238963
1982,1,2,germany fr,algeria,DEU,DZA,9913.73764159395,2260.34752384937
1982,3,1,england,france,ENG,FRA,,10501.6091345216
1982,1,1,spain,honduras,ESP,HND,5159.70864500142,1062.4697652956
1982,0,1,chile,austria,CHL,AUT,1653.98633115509,9410.34725652989
1982,1,1,czechoslovakia,kuwait,CZE,KWT,,13053.953187369
1982,0,0,yugoslavia,northern ireland,YUG,NIL,,
1982,1,1,italy,peru,ITA,PER,7556.52343693203,827.410231000004
1982,4,1,argentina,hungary,ARG,HUN,,
1982,4,1,brazil,scotland,BRA,SCT,,
1982,0,0,poland,cameroon,POL,CMR,,730.768895169711
1982,1,0,belgium,el salvador,BEL,SLV,9343.86109959618,738.969574147634
1982,3,0,soviet union,new zealand,SUN,NZL,,7656.47573238963
1982,4,1,germany fr,chile,DEU,CHL,9913.73764159395,1653.98633115509
1982,2,0,england,czechoslovakia,ENG,CZE,,
1982,2,1,spain,yugoslavia,ESP,YUG,5159.70864500142,
1982,0,2,algeria,austria,DZA,AUT,2260.34752384937,9410.34725652989
1982,4,1,france,kuwait,FRA,KWT,10501.6091345216,13053.953187369
1982,1,1,honduras,northern ireland,HND,NIL,1062.4697652956,
1982,5,1,poland,peru,POL,PER,,827.410231000004
1982,1,1,belgium,hungary,BEL,HUN,9343.86109959618,
1982,2,2,soviet union,scotland,SUN,SCT,,
1982,1,1,italy,cameroon,ITA,CMR,7556.52343693203,730.768895169711
1982,2,0,argentina,el salvador,ARG,SLV,,738.969574147634
1982,4,0,brazil,new zealand,BRA,NZL,,7656.47573238963
1982,3,2,algeria,chile,DZA,CHL,2260.34752384937,1653.98633115509
1982,1,1,france,czechoslovakia,FRA,CZE,10501.6091345216,
1982,0,1,honduras,yugoslavia,HND,YUG,1062.4697652956,
1982,1,0,germany fr,austria,DEU,AUT,9913.73764159395,9410.34725652989
1982,1,0,england,kuwait,ENG,KWT,,13053.953187369
1982,1,0,northern ireland,spain,NIL,ESP,,5159.70864500142
1982,0,1,austria,france,AUT,FRA,9410.34725652989,10501.6091345216
1982,3,0,poland,belgium,POL,BEL,,9343.86109959618
1982,2,1,italy,argentina,ITA,ARG,7556.52343693203,
1982,0,0,germany fr,england,DEU,ENG,9913.73764159395,
1982,2,2,austria,northern ireland,AUT,NIL,9410.34725652989,
1982,0,1,belgium,soviet union,BEL,SUN,9343.86109959618,
1982,1,3,argentina,brazil,ARG,BRA,,
1982,2,1,germany fr,spain,DEU,ESP,9913.73764159395,5159.70864500142
1982,4,1,france,northern ireland,FRA,NIL,10501.6091345216,
1982,0,0,poland,soviet union,POL,SUN,,
1982,3,2,italy,brazil,ITA,BRA,7556.52343693203,
1982,0,0,spain,england,ESP,ENG,5159.70864500142,
1982,0,2,poland,italy,POL,ITA,,7556.52343693203
1982,3,3,germany fr,france,DEU,FRA,9913.73764159395,10501.6091345216
1982,3,2,poland,france,POL,FRA,,10501.6091345216
1982,3,1,italy,germany fr,ITA,DEU,7556.52343693203,9913.73764159395
1986,1,1,bulgaria,italy,BGR,ITA,2260.4272811545,11315.0151767923
1986,0,1,canada,france,CAN,FRA,14521.1800806,13566.6607729285
1986,0,1,spain,brazil,ESP,BRA,6513.50328578924,
1986,6,0,soviet union,hungary,SUN,HUN,,
1986,3,1,argentina,korea republic,ARG,KOR,3454.2963342861,2834.89033966815
1986,0,0,morocco,poland,MAR,POL,846.905883789063,
1986,1,1,algeria,northern ireland,DZA,NIL,2783.4310226391,
1986,1,2,belgium,mexico,BEL,MEX,12170.0406962702,1765.26278274659
1986,1,0,portugal,england,PRT,ENG,3861.9484333688,
1986,1,0,paraguay,iraq,PRY,IRQ,1024.19314894826,2926.91783999193
1986,0,1,scotland,denmark,SCT,DNK,,17201.0888129674
1986,1,1,uruguay,germany fr,URY,DEU,1933.4812314229,13461.8310034147
1986,1,1,italy,argentina,ITA,ARG,11315.0151767923,3454.2963342861
1986,1,1,france,soviet union,FRA,SUN,13566.6607729285,
1986,1,1,korea republic,bulgaria,KOR,BGR,2834.89033966815,2260.4272811545
1986,2,0,hungary,canada,HUN,CAN,,14521.1800806
1986,1,0,brazil,algeria,BRA,DZA,,2783.4310226391
1986,0,0,england,morocco,ENG,MAR,,846.905883789063
1986,1,2,northern ireland,spain,NIL,ESP,,6513.50328578924
1986,1,1,mexico,paraguay,MEX,PRY,1765.26278274659,1024.19314894826
1986,1,0,poland,portugal,POL,PRT,,3861.9484333688
1986,1,2,iraq,belgium,IRQ,BEL,2926.91783999193,12170.0406962702
1986,6,1,denmark,uruguay,DNK,URY,17201.0888129674,1933.4812314229
1986,2,1,germany fr,scotland,DEU,SCT,13461.8310034147,
1986,0,3,hungary,france,HUN,FRA,,13566.6607729285
1986,2,0,soviet union,canada,SUN,CAN,,14521.1800806
1986,2,3,korea republic,italy,KOR,ITA,2834.89033966815,11315.0151767923
1986,2,0,argentina,bulgaria,ARG,BGR,3454.2963342861,2260.4272811545
1986,2,2,paraguay,belgium,PRY,BEL,1024.19314894826,12170.0406962702
1986,0,1,iraq,mexico,IRQ,MEX,2926.91783999193,1765.26278274659
1986,1,3,portugal,morocco,PRT,MAR,3861.9484333688,846.905883789063
1986,3,0,england,poland,ENG,POL,,
1986,0,3,northern ireland,brazil,NIL,BRA,,
1986,0,3,algeria,spain,DZA,ESP,2783.4310226391,6513.50328578924
1986,0,0,scotland,uruguay,SCT,URY,,1933.4812314229
1986,2,0,denmark,germany fr,DNK,DEU,17201.0888129674,13461.8310034147
1986,3,4,soviet union,belgium,SUN,BEL,,12170.0406962702
1986,2,0,mexico,bulgaria,MEX,BGR,1765.26278274659,2260.4272811545
1986,1,0,argentina,uruguay,ARG,URY,3454.2963342861,1933.4812314229
1986,4,0,brazil,poland,BRA,POL,,
1986,0,2,italy,france,ITA,FRA,11315.0151767923,13566.6607729285
1986,0,1,morocco,germany fr,MAR,DEU,846.905883789063,13461.8310034147
1986,3,0,england,paraguay,ENG,PRY,,1024.19314894826
1986,1,5,denmark,spain,DNK,ESP,17201.0888129674,6513.50328578924
1986,1,1,brazil,france,BRA,FRA,,13566.6607729285
1986,0,0,germany fr,mexico,DEU,MEX,13461.8310034147,1765.26278274659
1986,1,1,spain,belgium,ESP,BEL,6513.50328578924,12170.0406962702
1986,2,1,argentina,england,ARG,ENG,3454.2963342861,
1986,0,2,france,germany fr,FRA,DEU,13566.6607729285,13461.8310034147
1986,2,0,argentina,belgium,ARG,BEL,3454.2963342861,12170.0406962702
1986,4,2,france,belgium,FRA,BEL,13566.6607729285,12170.0406962702
1986,3,2,argentina,germany fr,ARG,DEU,3454.2963342861,13461.8310034147
1990,0,1,argentina,cameroon,ARG,CMR,4330.96819128783,1077.33354456712
1990,0,2,soviet union,romania,SUN,ROU,,1648.48522974542
1990,0,2,"rn"">united arab emirates",colombia,ARE,COL,26682.8498094612,1467.54743608627
1990,1,0,italy,austria,ITA,AUT,20825.7842228307,21680.989623313
1990,1,5,usa,czechoslovakia,USA,CZE,23888.6000088133,3941.50309406941
1990,2,1,brazil,sweden,BRA,SWE,3065.24235743825,30593.6724447761
1990,4,1,germany fr,yugoslavia,DEU,YUG,22303.9613266628,
1990,1,0,costa rica,scotland,CRI,SCT,1808.49595860746,
1990,1,1,england,"rn"">republic of ireland",ENG,IRL,,14031.3025675469
1990,2,0,belgium,korea republic,BEL,KOR,20600.3752789827,6609.99728316175
1990,1,1,netherlands,egypt,NLD,EGY,21290.8603827045,751.187490181277
1990,0,0,uruguay,spain,URY,ESP,2983.24416149177,13804.8767869937
1990,2,0,argentina,soviet union,ARG,SUN,4330.96819128783,
1990,2,1,cameroon,romania,CMR,ROU,1077.33354456712,1648.48522974542
1990,1,0,yugoslavia,colombia,YUG,COL,,1467.54743608627
1990,1,0,italy,usa,ITA,USA,20825.7842228307,23888.6000088133
1990,0,1,austria,czechoslovakia,AUT,CZE,21680.989623313,3941.50309406941
1990,5,1,germany fr,"rn"">united arab emirates",DEU,ARE,22303.9613266628,26682.8498094612
1990,1,0,brazil,costa rica,BRA,CRI,3065.24235743825,1808.49595860746
1990,1,2,sweden,scotland,SWE,SCT,30593.6724447761,
1990,0,0,england,netherlands,ENG,NLD,,21290.8603827045
1990,0,0,"rn"">republic of ireland",egypt,IRL,EGY,14031.3025675469,751.187490181277
1990,1,3,korea republic,spain,KOR,ESP,6609.99728316175,13804.8767869937
1990,3,1,belgium,uruguay,BEL,URY,20600.3752789827,2983.24416149177
1990,1,1,argentina,romania,ARG,ROU,4330.96819128783,1648.48522974542
1990,0,4,cameroon,soviet union,CMR,SUN,1077.33354456712,
1990,1,1,germany fr,colombia,DEU,COL,22303.9613266628,1467.54743608627
1990,4,1,yugoslavia,"rn"">united arab emirates",YUG,ARE,,26682.8498094612
1990,2,0,italy,czechoslovakia,ITA,CZE,20825.7842228307,3941.50309406941
1990,2,1,austria,usa,AUT,USA,21680.989623313,23888.6000088133
1990,1,0,brazil,scotland,BRA,SCT,3065.24235743825,
1990,1,2,sweden,costa rica,SWE,CRI,30593.6724447761,1808.49595860746
1990,0,1,korea republic,uruguay,KOR,URY,6609.99728316175,2983.24416149177
1990,1,2,belgium,spain,BEL,ESP,20600.3752789827,13804.8767869937
1990,1,1,"rn"">republic of ireland",netherlands,IRL,NLD,14031.3025675469,21290.8603827045
1990,1,0,england,egypt,ENG,EGY,,751.187490181277
1990,2,1,cameroon,colombia,CMR,COL,1077.33354456712,1467.54743608627
1990,4,1,czechoslovakia,costa rica,CZE,CRI,3941.50309406941,1808.49595860746
1990,0,1,brazil,argentina,BRA,ARG,3065.24235743825,4330.96819128783
1990,2,1,germany fr,netherlands,DEU,NLD,22303.9613266628,21290.8603827045
1990,0,0,"rn"">republic of ireland",romania,IRL,ROU,14031.3025675469,1648.48522974542
1990,2,0,italy,uruguay,ITA,URY,20825.7842228307,2983.24416149177
1990,1,2,spain,yugoslavia,ESP,YUG,13804.8767869937,
1990,1,0,england,belgium,ENG,BEL,,20600.3752789827
1990,0,0,yugoslavia,argentina,YUG,ARG,,4330.96819128783
1990,1,0,italy,"rn"">republic of ireland",ITA,IRL,20825.7842228307,14031.3025675469
1990,1,0,germany fr,czechoslovakia,DEU,CZE,22303.9613266628,3941.50309406941
1990,3,2,england,cameroon,ENG,CMR,,1077.33354456712
1990,1,1,italy,argentina,ITA,ARG,20825.7842228307,4330.96819128783
1990,1,1,germany fr,england,DEU,ENG,22303.9613266628,
1990,2,1,italy,england,ITA,ENG,20825.7842228307,
1990,1,0,germany fr,argentina,DEU,ARG,22303.9613266628,4330.96819128783
1994,2,2,spain,korea republic,ESP,KOR,13415.2870010456,10385.3904572997
1994,1,0,germany,bolivia,DEU,BOL,27076.60675014,777.416035935178
1994,1,1,usa,switzerland,USA,CHE,27694.853416234,43091.7770970073
1994,0,1,italy,"rn"">republic of ireland",ITA,IRL,19337.6308996383,15902.9296755168
1994,1,3,colombia,romania,COL,ROU,2314.9009901463,1323.03237766927
1994,1,0,belgium,morocco,BEL,MAR,24208.5547931447,1348.5390625
1994,1,0,norway,mexico,NOR,MEX,29315.8092337732,6268.71832284995
1994,2,2,cameroon,sweden,CMR,SWE,692.858733495909,26083.6143874838
1994,2,1,netherlands,saudi arabia,NLD,SAU,24646.3143096269,7359.44849822227
1994,2,0,brazil,russia,BRA,RUS,3393.14292559822,2662.10400390625
1994,4,0,argentina,greece,ARG,GRC,7464.4747368819,11091.2838472779
1994,3,0,nigeria,bulgaria,NGA,BGR,762.398733247892,1148.4943993817
1994,1,1,germany,spain,DEU,ESP,27076.60675014,13415.2870010456
1994,1,4,romania,switzerland,ROU,CHE,1323.03237766927,43091.7770970073
1994,2,1,usa,colombia,USA,COL,27694.853416234,2314.9009901463
1994,1,0,italy,norway,ITA,NOR,19337.6308996383,29315.8092337732
1994,0,0,korea republic,bolivia,KOR,BOL,10385.3904572997,777.416035935178
1994,2,1,mexico,"rn"">republic of ireland",MEX,IRL,6268.71832284995,15902.9296755168
1994,3,1,sweden,russia,SWE,RUS,26083.6143874838,2662.10400390625
1994,3,0,brazil,cameroon,BRA,CMR,3393.14292559822,692.858733495909
1994,1,0,belgium,netherlands,BEL,NLD,24208.5547931447,24646.3143096269
1994,2,1,saudi arabia,morocco,SAU,MAR,7359.44849822227,1348.5390625
1994,2,1,argentina,nigeria,ARG,NGA,7464.4747368819,762.398733247892
1994,4,0,bulgaria,greece,BGR,GRC,1148.4943993817,11091.2838472779
1994,0,1,usa,romania,USA,ROU,27694.853416234,1323.03237766927
1994,0,2,switzerland,colombia,CHE,COL,43091.7770970073,2314.9009901463
1994,3,2,germany,korea republic,DEU,KOR,27076.60675014,10385.3904572997
1994,1,3,bolivia,spain,BOL,ESP,777.416035935178,13415.2870010456
1994,0,0,"rn"">republic of ireland",norway,IRL,NOR,15902.9296755168,29315.8092337732
1994,1,1,brazil,sweden,BRA,SWE,3393.14292559822,26083.6143874838
1994,1,1,italy,mexico,ITA,MEX,19337.6308996383,6268.71832284995
1994,6,1,russia,cameroon,RUS,CMR,2662.10400390625,692.858733495909
1994,1,2,morocco,netherlands,MAR,NLD,1348.5390625,24646.3143096269
1994,0,1,belgium,saudi arabia,BEL,SAU,24208.5547931447,7359.44849822227
1994,0,2,greece,nigeria,GRC,NGA,11091.2838472779,762.398733247892
1994,0,2,argentina,bulgaria,ARG,BGR,7464.4747368819,1148.4943993817
1994,3,2,germany,belgium,DEU,BEL,27076.60675014,24208.5547931447
1994,3,0,spain,switzerland,ESP,CHE,13415.2870010456,43091.7770970073
1994,1,3,saudi arabia,sweden,SAU,SWE,7359.44849822227,26083.6143874838
1994,3,2,romania,argentina,ROU,ARG,1323.03237766927,7464.4747368819
1994,2,0,netherlands,"rn"">republic of ireland",NLD,IRL,24646.3143096269,15902.9296755168
1994,1,0,brazil,usa,BRA,USA,3393.14292559822,27694.853416234
1994,1,2,nigeria,italy,NGA,ITA,762.398733247892,19337.6308996383
1994,1,1,mexico,bulgaria,MEX,BGR,6268.71832284995,1148.4943993817
1994,2,1,italy,spain,ITA,ESP,19337.6308996383,13415.2870010456
1994,2,3,netherlands,brazil,NLD,BRA,24646.3143096269,3393.14292559822
1994,2,1,bulgaria,germany,BGR,DEU,1148.4943993817,27076.60675014
1994,2,2,romania,sweden,ROU,SWE,1323.03237766927,26083.6143874838
1994,1,2,bulgaria,italy,BGR,ITA,1148.4943993817,19337.6308996383
1994,0,1,sweden,brazil,SWE,BRA,26083.6143874838,3393.14292559822
1994,4,0,sweden,bulgaria,SWE,BGR,26083.6143874838,1148.4943993817
1994,0,0,brazil,italy,BRA,ITA,3393.14292559822,19337.6308996383
1998,2,1,brazil,scotland,BRA,SCT,5049.76466914353,
1998,2,2,morocco,norway,MAR,NOR,1658.47180175781,34803.4634058738
1998,2,2,italy,chile,ITA,CHL,22318.1373007109,5467.1881883424
1998,1,1,cameroon,austria,CMR,AUT,789.274291959589,27361.8751106437
1998,0,0,paraguay,bulgaria,PRY,BGR,1880.89316502001,1820.44866449942
1998,0,1,saudi arabia,denmark,SAU,DNK,7169.36647746783,33368.142415092
1998,3,0,france,south africa,FRA,ZAF,24971.5744885632,3336.4396473055
1998,2,3,spain,nigeria,ESP,NGA,15394.3514628249,1871.75605670825
1998,1,3,korea republic,mexico,KOR,MEX,8281.71948271445,5882.4214338638
1998,0,0,netherlands,belgium,NLD,BEL,27885.8083823465,25338.4432934904
1998,1,0,argentina,japan,ARG,JPN,8250.67317414321,32423.7556133801
1998,1,0,yugoslavia,iran,YUG,IRN,,1737.70003294514
1998,1,3,jamaica,croatia,JAM,HRV,3410.42776005243,5711.48570357941
1998,2,0,england,tunisia,ENG,TUN,,2253.02884559851
1998,1,0,romania,colombia,ROU,COL,1852.5549693339,2595.54301144732
1998,2,0,germany,usa,DEU,USA,27289.0593603191,32853.6769523009
1998,1,1,scotland,norway,SCT,NOR,,34803.4634058738
1998,3,0,brazil,morocco,BRA,MAR,5049.76466914353,1658.47180175781
1998,1,1,chile,austria,CHL,AUT,5467.1881883424,27361.8751106437
1998,3,0,italy,cameroon,ITA,CMR,22318.1373007109,789.274291959589
1998,1,1,south africa,denmark,ZAF,DNK,3336.4396473055,33368.142415092
1998,4,0,france,saudi arabia,FRA,SAU,24971.5744885632,7169.36647746783
1998,1,0,nigeria,bulgaria,NGA,BGR,1871.75605670825,1820.44866449942
1998,0,0,spain,paraguay,ESP,PRY,15394.3514628249,1880.89316502001
1998,0,1,japan,croatia,JPN,HRV,32423.7556133801,5711.48570357941
1998,2,2,belgium,mexico,BEL,MEX,25338.4432934904,5882.4214338638
1998,5,0,netherlands,korea republic,NLD,KOR,27885.8083823465,8281.71948271445
1998,2,2,germany,yugoslavia,DEU,YUG,27289.0593603191,
1998,5,0,argentina,jamaica,ARG,JAM,8250.67317414321,3410.42776005243
1998,1,2,usa,iran,USA,IRN,32853.6769523009,1737.70003294514
1998,1,0,colombia,tunisia,COL,TUN,2595.54301144732,2253.02884559851
1998,2,1,romania,england,ROU,ENG,1852.5549693339,
1998,2,1,italy,austria,ITA,AUT,22318.1373007109,27361.8751106437
1998,1,1,chile,cameroon,CHL,CMR,5467.1881883424,789.274291959589
1998,0,3,scotland,morocco,SCT,MAR,,1658.47180175781
1998,1,2,brazil,norway,BRA,NOR,5049.76466914353,34803.4634058738
1998,2,1,france,denmark,FRA,DNK,24971.5744885632,33368.142415092
1998,2,2,south africa,saudi arabia,ZAF,SAU,3336.4396473055,7169.36647746783
1998,6,1,spain,bulgaria,ESP,BGR,15394.3514628249,1820.44866449942
1998,1,3,nigeria,paraguay,NGA,PRY,1871.75605670825,1880.89316502001
1998,1,1,belgium,korea republic,BEL,KOR,25338.4432934904,8281.71948271445
1998,2,2,netherlands,mexico,NLD,MEX,27885.8083823465,5882.4214338638
1998,2,0,germany,iran,DEU,IRN,27289.0593603191,1737.70003294514
1998,0,1,usa,yugoslavia,USA,YUG,32853.6769523009,
1998,1,2,japan,jamaica,JPN,JAM,32423.7556133801,3410.42776005243
1998,1,0,argentina,croatia,ARG,HRV,8250.67317414321,5711.48570357941
1998,1,1,romania,tunisia,ROU,TUN,1852.5549693339,2253.02884559851
1998,0,2,colombia,england,COL,ENG,2595.54301144732,
1998,1,0,italy,norway,ITA,NOR,22318.1373007109,34803.4634058738
1998,4,1,brazil,chile,BRA,CHL,5049.76466914353,5467.1881883424
1998,1,0,france,paraguay,FRA,PRY,24971.5744885632,1880.89316502001
1998,1,4,nigeria,denmark,NGA,DNK,1871.75605670825,33368.142415092
1998,2,1,germany,mexico,DEU,MEX,27289.0593603191,5882.4214338638
1998,2,1,netherlands,yugoslavia,NLD,YUG,27885.8083823465,
1998,0,1,romania,croatia,ROU,HRV,1852.5549693339,5711.48570357941
1998,2,2,argentina,england,ARG,ENG,8250.67317414321,
1998,0,0,italy,france,ITA,FRA,22318.1373007109,24971.5744885632
1998,3,2,brazil,denmark,BRA,DNK,5049.76466914353,33368.142415092
1998,2,1,netherlands,argentina,NLD,ARG,27885.8083823465,8250.67317414321
1998,0,3,germany,croatia,DEU,HRV,27289.0593603191,5711.48570357941
1998,1,1,brazil,netherlands,BRA,NLD,5049.76466914353,27885.8083823465
1998,2,1,france,croatia,FRA,HRV,24971.5744885632,5711.48570357941
1998,1,2,netherlands,croatia,NLD,HRV,27885.8083823465,5711.48570357941
1998,0,3,brazil,france,BRA,FRA,5049.76466914353,24971.5744885632
2002,0,1,france,senegal,FRA,SEN,24288.2700193508,688.187479533694
2002,1,2,uruguay,denmark,URY,DNK,4115.15454913195,33228.6935448819
2002,1,1,"rn"">republic of ireland",cameroon,IRL,CMR,32705.4345565698,780.270553202226
2002,8,0,germany,saudi arabia,DEU,SAU,25197.2656001848,8380.95929551377
2002,1,0,argentina,nigeria,ARG,NGA,2579.48876933284,733.537888694616
2002,2,2,paraguay,south africa,PRY,ZAF,1361.24928059287,2708.42333318343
2002,1,1,england,sweden,ENG,SWE,,29899.1952495081
2002,3,1,spain,slovenia,ESP,SVN,17106.686576658,11777.1556578814
2002,2,1,brazil,turkey,BRA,TUR,2824.71541300038,3640.76283635427
2002,2,0,italy,ecuador,ITA,ECU,22376.2978989329,2184.209243808
2002,0,1,croatia,mexico,HRV,MEX,6219.47321325884,8032.99212058539
2002,0,2,china pr,costa rica,CHN,CRI,1148.51425712598,4021.42536130228
2002,2,2,japan,belgium,JPN,BEL,32820.7936433254,25006.191397109
2002,2,0,korea republic,poland,KOR,POL,13165.08362497,5207.129304207
2002,2,0,russia,tunisia,RUS,TUN,2377.52954101563,2292.48370528686
2002,3,2,usa,portugal,USA,PRT,37997.7596573051,12936.6928204482
2002,1,1,germany,"rn"">republic of ireland",DEU,IRL,25197.2656001848,32705.4345565698
2002,1,1,denmark,senegal,DNK,SEN,33228.6935448819,688.187479533694
2002,1,0,cameroon,saudi arabia,CMR,SAU,780.270553202226,8380.95929551377
2002,0,0,france,uruguay,FRA,URY,24288.2700193508,4115.15454913195
2002,2,1,sweden,nigeria,SWE,NGA,29899.1952495081,733.537888694616
2002,0,1,argentina,england,ARG,ENG,2579.48876933284,
2002,3,1,spain,paraguay,ESP,PRY,17106.686576658,1361.24928059287
2002,1,0,south africa,slovenia,ZAF,SVN,2708.42333318343,11777.1556578814
2002,4,0,brazil,china pr,BRA,CHN,2824.71541300038,1148.51425712598
2002,1,2,italy,croatia,ITA,HRV,22376.2978989329,6219.47321325884
2002,1,1,costa rica,turkey,CRI,TUR,4021.42536130228,3640.76283635427
2002,1,0,japan,russia,JPN,RUS,32820.7936433254,2377.52954101563
2002,2,1,mexico,ecuador,MEX,ECU,8032.99212058539,2184.209243808
2002,1,1,korea republic,usa,KOR,USA,13165.08362497,37997.7596573051
2002,4,0,portugal,poland,PRT,POL,12936.6928204482,5207.129304207
2002,1,1,tunisia,belgium,TUN,BEL,2292.48370528686,25006.191397109
2002,2,0,denmark,france,DNK,FRA,33228.6935448819,24288.2700193508
2002,3,3,senegal,uruguay,SEN,URY,688.187479533694,4115.15454913195
2002,0,3,saudi arabia,"rn"">republic of ireland",SAU,IRL,8380.95929551377,32705.4345565698
2002,0,2,cameroon,germany,CMR,DEU,780.270553202226,25197.2656001848
2002,1,1,sweden,argentina,SWE,ARG,29899.1952495081,2579.48876933284
2002,0,0,nigeria,england,NGA,ENG,733.537888694616,
2002,1,3,slovenia,paraguay,SVN,PRY,11777.1556578814,1361.24928059287
2002,2,3,south africa,spain,ZAF,ESP,2708.42333318343,17106.686576658
2002,2,5,costa rica,brazil,CRI,BRA,4021.42536130228,2824.71541300038
2002,3,0,turkey,china pr,TUR,CHN,3640.76283635427,1148.51425712598
2002,1,0,ecuador,croatia,ECU,HRV,2184.209243808,6219.47321325884
2002,1,1,mexico,italy,MEX,ITA,8032.99212058539,22376.2978989329
2002,0,2,tunisia,japan,TUN,JPN,2292.48370528686,32820.7936433254
2002,0,1,portugal,korea republic,PRT,KOR,12936.6928204482,13165.08362497
2002,3,1,poland,usa,POL,USA,5207.129304207,37997.7596573051
2002,3,2,belgium,russia,BEL,RUS,25006.191397109,2377.52954101563
2002,0,3,denmark,england,DNK,ENG,33228.6935448819,
2002,1,0,germany,paraguay,DEU,PRY,25197.2656001848,1361.24928059287
2002,1,1,spain,"rn"">republic of ireland",ESP,IRL,17106.686576658,32705.4345565698
2002,1,2,sweden,senegal,SWE,SEN,29899.1952495081,688.187479533694
2002,2,0,brazil,belgium,BRA,BEL,2824.71541300038,25006.191397109
2002,0,2,mexico,usa,MEX,USA,8032.99212058539,37997.7596573051
2002,0,1,japan,turkey,JPN,TUR,32820.7936433254,3640.76283635427
2002,2,1,korea republic,italy,KOR,ITA,13165.08362497,22376.2978989329
2002,1,2,england,brazil,ENG,BRA,,2824.71541300038
2002,1,0,germany,usa,DEU,USA,25197.2656001848,37997.7596573051
2002,0,1,senegal,turkey,SEN,TUR,688.187479533694,3640.76283635427
2002,0,0,spain,korea republic,ESP,KOR,17106.686576658,13165.08362497
2002,1,0,germany,korea republic,DEU,KOR,25197.2656001848,13165.08362497
2002,1,0,brazil,turkey,BRA,TUR,2824.71541300038,3640.76283635427
2002,2,3,korea republic,turkey,KOR,TUR,13165.08362497,3640.76283635427
2002,0,2,germany,brazil,DEU,BRA,25197.2656001848,2824.71541300038
2006,4,2,germany,costa rica,DEU,CRI,36353.8803343631,5188.361792249
2006,0,2,poland,ecuador,POL,ECU,9035.53275810927,3340.84090289849
2006,1,0,england,paraguay,ENG,PRY,,2426.41709770871
2006,0,0,"rn"">trinidad and tobago",sweden,TTO,SWE,13340.916273498,46593.6021646111
2006,2,1,argentina,c�te d'ivoire,ARG,CIV,5890.97800169795,1303.56496674267
2006,0,1,"rn"">serbia and montenegro",netherlands,SCG,NLD,,44900.9381441374
2006,3,1,mexico,iran,MEX,IRN,9545.28672531477,3736.1777926143
2006,0,1,angola,portugal,AGO,PRT,2597.96358469905,19839.4540499032
2006,3,1,australia,japan,AUS,JPN,36595.7071548423,35991.546002862
2006,0,3,usa,czech republic,USA,CZE,46302.0008800056,15261.7975911138
2006,2,0,italy,ghana,ITA,GHA,33529.7266014361,904.169527809899
2006,2,1,korea republic,togo,KOR,TGO,21743.4774514254,400.321487695293
2006,0,0,france,switzerland,FRA,CHE,36470.2128399313,59011.0324592016
2006,1,0,brazil,croatia,BRA,HRV,5866.02341427165,11505.399839938
2006,4,0,spain,ukraine,ESP,UKR,28389.0785799873,2391.32397460938
2006,2,2,tunisia,saudi arabia,TUN,SAU,3279.10281991951,14848.6020580308
2006,1,0,germany,poland,DEU,POL,36353.8803343631,9035.53275810927
2006,3,0,ecuador,costa rica,ECU,CRI,3340.84090289849,5188.361792249
2006,2,0,england,"rn"">trinidad and tobago",ENG,TTO,,13340.916273498
2006,1,0,sweden,paraguay,SWE,PRY,46593.6021646111,2426.41709770871
2006,6,0,argentina,"rn"">serbia and montenegro",ARG,SCG,5890.97800169795,
2006,2,1,netherlands,c�te d'ivoire,NLD,CIV,44900.9381441374,1303.56496674267
2006,0,0,mexico,angola,MEX,AGO,9545.28672531477,2597.96358469905
2006,2,0,portugal,ir iran,PRT,IRN,19839.4540499032,3736.1777926143
2006,0,2,czech republic,ghana,CZE,GHA,15261.7975911138,904.169527809899
2006,1,1,italy,usa,ITA,USA,33529.7266014361,46302.0008800056
2006,0,0,japan,croatia,JPN,HRV,35991.546002862,11505.399839938
2006,2,0,brazil,australia,BRA,AUS,5866.02341427165,36595.7071548423
2006,1,1,france,korea republic,FRA,KOR,36470.2128399313,21743.4774514254
2006,0,2,togo,switzerland,TGO,CHE,400.321487695293,59011.0324592016
2006,0,4,saudi arabia,ukraine,SAU,UKR,14848.6020580308,2391.32397460938
2006,3,1,spain,tunisia,ESP,TUN,28389.0785799873,3279.10281991951
2006,0,3,ecuador,germany,ECU,DEU,3340.84090289849,36353.8803343631
2006,1,2,costa rica,poland,CRI,POL,5188.361792249,9035.53275810927
2006,2,2,sweden,england,SWE,ENG,46593.6021646111,
2006,2,0,paraguay,"rn"">trinidad and tobago",PRY,TTO,2426.41709770871,13340.916273498
2006,1,1,iran,angola,IRN,AGO,3736.1777926143,2597.96358469905
2006,2,1,portugal,mexico,PRT,MEX,19839.4540499032,9545.28672531477
2006,0,0,netherlands,argentina,NLD,ARG,44900.9381441374,5890.97800169795
2006,3,2,c�te d'ivoire,"rn"">serbia and montenegro",CIV,SCG,1303.56496674267,
2006,0,2,czech republic,italy,CZE,ITA,15261.7975911138,33529.7266014361
2006,2,1,ghana,usa,GHA,USA,904.169527809899,46302.0008800056
2006,1,4,japan,brazil,JPN,BRA,35991.546002862,5866.02341427165
2006,2,2,croatia,australia,HRV,AUS,11505.399839938,36595.7071548423
2006,1,0,ukraine,tunisia,UKR,TUN,2391.32397460938,3279.10281991951
2006,0,1,saudi arabia,spain,SAU,ESP,14848.6020580308,28389.0785799873
2006,0,2,togo,france,TGO,FRA,400.321487695293,36470.2128399313
2006,2,0,switzerland,korea republic,CHE,KOR,59011.0324592016,21743.4774514254
2006,2,0,germany,sweden,DEU,SWE,36353.8803343631,46593.6021646111
2006,2,1,argentina,mexico,ARG,MEX,5890.97800169795,9545.28672531477
2006,1,0,england,ecuador,ENG,ECU,,3340.84090289849
2006,1,0,portugal,netherlands,PRT,NLD,19839.4540499032,44900.9381441374
2006,1,0,italy,australia,ITA,AUS,33529.7266014361,36595.7071548423
2006,0,0,switzerland,ukraine,CHE,UKR,59011.0324592016,2391.32397460938
2006,3,0,brazil,ghana,BRA,GHA,5866.02341427165,904.169527809899
2006,1,3,spain,france,ESP,FRA,28389.0785799873,36470.2128399313
2006,1,1,germany,argentina,DEU,ARG,36353.8803343631,5890.97800169795
2006,3,0,italy,ukraine,ITA,UKR,33529.7266014361,2391.32397460938
2006,0,0,england,portugal,ENG,PRT,,19839.4540499032
2006,0,1,brazil,france,BRA,FRA,5866.02341427165,36470.2128399313
2006,0,2,germany,italy,DEU,ITA,36353.8803343631,33529.7266014361
2006,0,1,portugal,france,PRT,FRA,19839.4540499032,36470.2128399313
2006,3,1,germany,portugal,DEU,PRT,36353.8803343631,19839.4540499032
2006,1,1,italy,france,ITA,FRA,33529.7266014361,36470.2128399313
2010,1,1,south africa,mexico,ZAF,MEX,8059.56279824609,9823.16407600128
2010,0,0,uruguay,france,URY,FRA,12512.5941268441,40676.0647913181
2010,2,0,korea republic,greece,KOR,GRC,23079.2601257735,26716.6488260274
2010,1,0,argentina,nigeria,ARG,NGA,10385.9644319555,2280.11128904338
2010,1,1,england,usa,ENG,USA,,48650.6431283336
2010,0,1,algeria,slovenia,DZA,SVN,4495.92147563024,23532.4808545468
2010,0,1,serbia,ghana,SRB,GHA,5735.42285659849,1258.96419689048
2010,4,0,germany,australia,DEU,AUS,41572.4559481507,52147.0241942843
2010,2,0,netherlands,denmark,NLD,DNK,50999.7451168879,58041.3984363385
2010,1,0,japan,cameroon,JPN,CMR,44968.1562349739,1383.81386476157
2010,1,1,italy,paraguay,ITA,PRY,36035.6449950691,4725.72634101583
2010,1,1,new zealand,slovakia,NZL,SVK,33676.7741239925,16908.8479564876
2010,0,0,c�te d'ivoire,portugal,CIV,PRT,1654.17795876208,22520.6423124045
2010,2,1,brazil,korea dpr,BRA,PRK,11249.2918904352,
2010,0,1,honduras,chile,HND,CHL,1874.27170372599,12764.5931178671
2010,0,1,spain,switzerland,ESP,CHE,30532.4805081656,76531.3729407691
2010,0,3,south africa,uruguay,ZAF,URY,8059.56279824609,12512.5941268441
2010,4,1,argentina,korea republic,ARG,KOR,10385.9644319555,23079.2601257735
2010,2,1,greece,nigeria,GRC,NGA,26716.6488260274,2280.11128904338
2010,0,2,france,mexico,FRA,MEX,40676.0647913181,9823.16407600128
2010,0,1,germany,serbia,DEU,SRB,41572.4559481507,5735.42285659849
2010,2,2,slovenia,usa,SVN,USA,23532.4808545468,48650.6431283336
2010,0,0,england,algeria,ENG,DZA,,4495.92147563024
2010,1,0,netherlands,japan,NLD,JPN,50999.7451168879,44968.1562349739
2010,1,1,ghana,australia,GHA,AUS,1258.96419689048,52147.0241942843
2010,1,2,cameroon,denmark,CMR,DNK,1383.81386476157,58041.3984363385
2010,0,2,slovakia,paraguay,SVK,PRY,16908.8479564876,4725.72634101583
2010,1,1,italy,new zealand,ITA,NZL,36035.6449950691,33676.7741239925
2010,3,1,brazil,c�te d'ivoire,BRA,CIV,11249.2918904352,1654.17795876208
2010,7,0,portugal,korea dpr,PRT,PRK,22520.6423124045,
2010,1,0,chile,switzerland,CHL,CHE,12764.5931178671,76531.3729407691
2010,2,0,spain,honduras,ESP,HND,30532.4805081656,1874.27170372599
2010,0,1,mexico,uruguay,MEX,URY,9823.16407600128,12512.5941268441
2010,1,2,france,south africa,FRA,ZAF,40676.0647913181,8059.56279824609
2010,2,2,nigeria,korea republic,NGA,KOR,2280.11128904338,23079.2601257735
2010,0,2,greece,argentina,GRC,ARG,26716.6488260274,10385.9644319555
2010,0,1,slovenia,england,SVN,ENG,23532.4808545468,
2010,1,0,usa,algeria,USA,DZA,48650.6431283336,4495.92147563024
2010,0,1,ghana,germany,GHA,DEU,1258.96419689048,41572.4559481507
2010,2,1,australia,serbia,AUS,SRB,52147.0241942843,5735.42285659849
2010,3,2,slovakia,italy,SVK,ITA,16908.8479564876,36035.6449950691
2010,0,0,paraguay,new zealand,PRY,NZL,4725.72634101583,33676.7741239925
2010,1,3,denmark,japan,DNK,JPN,58041.3984363385,44968.1562349739
2010,1,2,cameroon,netherlands,CMR,NLD,1383.81386476157,50999.7451168879
2010,0,0,portugal,brazil,PRT,BRA,22520.6423124045,11249.2918904352
2010,0,3,korea dpr,c�te d'ivoire,PRK,CIV,,1654.17795876208
2010,1,2,chile,spain,CHL,ESP,12764.5931178671,30532.4805081656
2010,0,0,switzerland,honduras,CHE,HND,76531.3729407691,1874.27170372599
2010,2,1,uruguay,korea republic,URY,KOR,12512.5941268441,23079.2601257735
2010,1,2,usa,ghana,USA,GHA,48650.6431283336,1258.96419689048
2010,4,1,germany,england,DEU,ENG,41572.4559481507,
2010,3,1,argentina,mexico,ARG,MEX,10385.9644319555,9823.16407600128
2010,2,1,netherlands,slovakia,NLD,SVK,50999.7451168879,16908.8479564876
2010,3,0,brazil,chile,BRA,CHL,11249.2918904352,12764.5931178671
2010,0,0,paraguay,japan,PRY,JPN,4725.72634101583,44968.1562349739
2010,1,0,spain,portugal,ESP,PRT,30532.4805081656,22520.6423124045
2010,2,1,netherlands,brazil,NLD,BRA,50999.7451168879,11249.2918904352
2010,1,1,uruguay,ghana,URY,GHA,12512.5941268441,1258.96419689048
2010,0,4,argentina,germany,ARG,DEU,10385.9644319555,41572.4559481507
2010,0,1,paraguay,spain,PRY,ESP,4725.72634101583,30532.4805081656
2010,2,3,uruguay,netherlands,URY,NLD,12512.5941268441,50999.7451168879
2010,0,1,germany,spain,DEU,ESP,41572.4559481507,30532.4805081656
2010,2,3,uruguay,germany,URY,DEU,12512.5941268441,41572.4559481507
2010,0,1,netherlands,spain,NLD,ESP,50999.7451168879,30532.4805081656
2014,3,1,brazil,croatia,BRA,HRV,12071.4044637296,14001.1603438958
2014,1,0,mexico,cameroon,MEX,CMR,11490.0216901556,1631.7139850845
2014,1,5,spain,netherlands,ESP,NLD,29513.6511800405,52900.537415323
2014,3,1,chile,australia,CHL,AUS,14675.1508730028,62558.2438786332
2014,3,0,colombia,greece,COL,GRC,8167.47284156278,21616.7100094908
2014,1,3,uruguay,costa rica,URY,CRI,18131.5788465661,10737.6788811529
2014,1,2,england,italy,ENG,ITA,,35565.7213771496
2014,2,1,c�te d'ivoire,japan,CIV,JPN,2124.01943008462,38475.3952461838
2014,2,1,switzerland,ecuador,CHE,ECU,88724.9909402638,6374.6314856366
2014,3,0,france,honduras,FRA,HND,43068.5487241739,2164.42455009318
2014,2,1,argentina,"rn"">bosnia and herzegovina",ARG,BIH,12334.7982453893,5196.97008415107
2014,4,0,germany,portugal,DEU,PRT,48023.8699845462,22103.7009703321
2014,0,0,ir iran,nigeria,IRN,NGA,5757.54333251596,3200.95279935925
2014,1,2,ghana,usa,GHA,USA,1942.92186873525,55123.8497869046
2014,2,1,belgium,algeria,BEL,DZA,47764.0715120833,5516.22944039649
2014,0,0,brazil,mexico,BRA,MEX,12071.4044637296,11490.0216901556
2014,1,1,russia,korea republic,RUS,KOR,14095.646484375,29252.9312377352
2014,2,3,australia,netherlands,AUS,NLD,62558.2438786332,52900.537415323
2014,0,2,spain,chile,ESP,CHL,29513.6511800405,14675.1508730028
2014,0,4,cameroon,croatia,CMR,HRV,1631.7139850845,14001.1603438958
2014,2,1,colombia,c�te d'ivoire,COL,CIV,8167.47284156278,2124.01943008462
2014,2,1,uruguay,england,URY,ENG,18131.5788465661,
2014,0,0,japan,greece,JPN,GRC,38475.3952461838,21616.7100094908
2014,0,1,italy,costa rica,ITA,CRI,35565.7213771496,10737.6788811529
2014,2,5,switzerland,france,CHE,FRA,88724.9909402638,43068.5487241739
2014,1,2,honduras,ecuador,HND,ECU,2164.42455009318,6374.6314856366
2014,1,0,argentina,ir iran,ARG,IRN,12334.7982453893,5757.54333251596
2014,2,2,germany,ghana,DEU,GHA,48023.8699845462,1942.92186873525
2014,1,0,nigeria,"rn"">bosnia and herzegovina",NGA,BIH,3200.95279935925,5196.97008415107
2014,1,0,belgium,russia,BEL,RUS,47764.0715120833,14095.646484375
2014,2,4,korea republic,algeria,KOR,DZA,29252.9312377352,5516.22944039649
2014,2,2,usa,portugal,USA,PRT,55123.8497869046,22103.7009703321
2014,0,3,australia,spain,AUS,ESP,62558.2438786332,29513.6511800405
2014,2,0,netherlands,chile,NLD,CHL,52900.537415323,14675.1508730028
2014,1,4,cameroon,brazil,CMR,BRA,1631.7139850845,12071.4044637296
2014,1,3,croatia,mexico,HRV,MEX,14001.1603438958,11490.0216901556
2014,0,1,italy,uruguay,ITA,URY,35565.7213771496,18131.5788465661
2014,0,0,costa rica,england,CRI,ENG,10737.6788811529,
2014,1,4,japan,colombia,JPN,COL,38475.3952461838,8167.47284156278
2014,2,1,greece,c�te d'ivoire,GRC,CIV,21616.7100094908,2124.01943008462
2014,2,3,nigeria,argentina,NGA,ARG,3200.95279935925,12334.7982453893
2014,3,1,"rn"">bosnia and herzegovina",ir iran,BIH,IRN,5196.97008415107,5757.54333251596
2014,0,3,honduras,switzerland,HND,CHE,2164.42455009318,88724.9909402638
2014,0,0,ecuador,france,ECU,FRA,6374.6314856366,43068.5487241739
2014,0,1,usa,germany,USA,DEU,55123.8497869046,48023.8699845462
2014,2,1,portugal,ghana,PRT,GHA,22103.7009703321,1942.92186873525
2014,0,1,korea republic,belgium,KOR,BEL,29252.9312377352,47764.0715120833
2014,1,1,algeria,russia,DZA,RUS,5516.22944039649,14095.646484375
2014,1,1,brazil,chile,BRA,CHL,12071.4044637296,14675.1508730028
2014,2,0,colombia,uruguay,COL,URY,8167.47284156278,18131.5788465661
2014,2,0,france,nigeria,FRA,NGA,43068.5487241739,3200.95279935925
2014,2,1,germany,algeria,DEU,DZA,48023.8699845462,5516.22944039649
2014,2,1,brazil,colombia,BRA,COL,12071.4044637296,8167.47284156278
2014,0,1,france,germany,FRA,DEU,43068.5487241739,48023.8699845462
2014,1,7,brazil,germany,BRA,DEU,12071.4044637296,48023.8699845462
2014,0,3,brazil,netherlands,BRA,NLD,12071.4044637296,52900.537415323
2014,1,0,germany,argentina,DEU,ARG,48023.8699845462,12334.7982453893
2014,0,0,netherlands,argentina,NLD,ARG,52900.537415323,12334.7982453893
2014,0,0,netherlands,costa rica,NLD,CRI,52900.537415323,10737.6788811529
2014,1,0,argentina,belgium,ARG,BEL,12334.7982453893,47764.0715120833
2014,2,1,netherlands,mexico,NLD,MEX,52900.537415323,11490.0216901556
2014,1,1,costa rica,greece,CRI,GRC,10737.6788811529,21616.7100094908
2014,1,0,argentina,switzerland,ARG,CHE,12334.7982453893,88724.9909402638
2014,2,1,belgium,usa,BEL,USA,47764.0715120833,55123.8497869046
2014,1,1,brazil,chile,BRA,CHL,12071.4044637296,14675.1508730028
2014,2,0,colombia,uruguay,COL,URY,8167.47284156278,18131.5788465661
2014,2,1,netherlands,mexico,NLD,MEX,52900.537415323,11490.0216901556
2014,1,1,costa rica,greece,CRI,GRC,10737.6788811529,21616.7100094908
2014,2,0,france,nigeria,FRA,NGA,43068.5487241739,3200.95279935925
2014,2,1,germany,algeria,DEU,DZA,48023.8699845462,5516.22944039649
2014,1,0,argentina,switzerland,ARG,CHE,12334.7982453893,88724.9909402638
2014,2,1,belgium,usa,BEL,USA,47764.0715120833,55123.8497869046
2014,0,1,france,germany,FRA,DEU,43068.5487241739,48023.8699845462
2014,2,1,brazil,colombia,BRA,COL,12071.4044637296,8167.47284156278
2014,1,0,argentina,belgium,ARG,BEL,12334.7982453893,47764.0715120833
2014,0,0,netherlands,costa rica,NLD,CRI,52900.537415323,10737.6788811529
2014,1,7,brazil,germany,BRA,DEU,12071.4044637296,48023.8699845462
2014,0,0,netherlands,argentina,NLD,ARG,52900.537415323,12334.7982453893
2014,0,3,brazil,netherlands,BRA,NLD,12071.4044637296,52900.537415323
2014,1,0,germany,argentina,DEU,ARG,48023.8699845462,12334.7982453893
2018,5,0,russia,saudi arabia,RUS,SAU,11287.3544921875,24175.5833140113
2018,0,1,egypt,uruguay,EGY,URY,2531.20007864537,19026.0498173005
2018,0,1,morocco,iran,MAR,IRN,3492.67260742188,3850.75125293224
2018,3,3,portugal,spain,PRT,ESP,23562.5545228191,30379.7211126422
2018,2,1,france,australia,FRA,AUS,41557.8548588876,57273.5204750079
2018,1,1,argentina,iceland,ARG,ISL,11795.1627452798,74452.1890731447
2018,0,1,peru,denmark,PER,DNK,6912.10398761205,61591.9288698958
2018,2,0,croatia,nigeria,HRV,NGA,15040.0369182791,2125.83449073877
2018,0,1,costa rica,serbia,CRI,SRB,12383.1499522763,7252.40366767165
2018,0,1,germany,mexico,DEU,MEX,47939.2782884504,10130.3206984553
2018,1,1,brazil,switzerland,BRA,CHE,9121.02099480377,85217.3691512274
2018,1,0,sweden,south korea,SWE,KOR,54589.0603860606,33447.1562836166
2018,3,0,belgium,panama,BEL,PAN,47544.9811472757,16156.0742859681
2018,1,2,tunisia,england,TUN,ENG,3577.17534204669,
2018,1,2,colombia,japan,COL,JPN,6782.03792033195,39751.1330982711
2018,1,2,poland,senegal,POL,SEN,15504.5089370714,1484.22707035644
2018,3,1,russia,egypt,RUS,EGY,11287.3544921875,2531.20007864537
2018,1,0,portugal,morocco,PRT,MAR,23562.5545228191,3492.67260742188
2018,1,0,uruguay,saudi arabia,URY,SAU,19026.0498173005,24175.5833140113
2018,0,1,iran,spain,IRN,ESP,3850.75125293224,30379.7211126422
2018,1,1,denmark,australia,DNK,AUS,61591.9288698958,57273.5204750079
2018,1,0,france,peru,FRA,PER,41557.8548588876,6912.10398761205
2018,0,3,argentina,croatia,ARG,HRV,11795.1627452798,15040.0369182791
2018,2,0,brazil,costa rica,BRA,CRI,9121.02099480377,12383.1499522763
2018,2,0,nigeria,iceland,NGA,ISL,2125.83449073877,74452.1890731447
2018,1,2,serbia,switzerland,SRB,CHE,7252.40366767165,85217.3691512274
2018,5,2,belgium,tunisia,BEL,TUN,47544.9811472757,3577.17534204669
2018,1,2,south korea,mexico,KOR,MEX,33447.1562836166,10130.3206984553
2018,2,1,germany,sweden,DEU,SWE,47939.2782884504,54589.0603860606
2018,6,1,england,panama,ENG,PAN,,16156.0742859681
2018,2,2,japan,senegal,JPN,SEN,39751.1330982711,1484.22707035644
2018,0,3,poland,colombia,POL,COL,15504.5089370714,6782.03792033195
2018,2,1,saudi arabia,egypt,SAU,EGY,24175.5833140113,2531.20007864537
2018,3,0,uruguay,russia,URY,RUS,19026.0498173005,11287.3544921875
2018,1,1,iran,portugal,IRN,PRT,3850.75125293224,23562.5545228191
2018,2,2,spain,morocco,ESP,MAR,30379.7211126422,3492.67260742188
2018,0,2,australia,peru,AUS,PER,57273.5204750079,6912.10398761205
2018,0,0,denmark,france,DNK,FRA,61591.9288698958,41557.8548588876
2018,1,2,nigeria,argentina,NGA,ARG,2125.83449073877,11795.1627452798
2018,1,2,iceland,croatia,ISL,HRV,74452.1890731447,15040.0369182791
2018,0,3,mexico,sweden,MEX,SWE,10130.3206984553,54589.0603860606
2018,2,0,south korea,germany,KOR,DEU,33447.1562836166,47939.2782884504
2018,2,2,switzerland,costa rica,CHE,CRI,85217.3691512274,12383.1499522763
2018,0,2,serbia,brazil,SRB,BRA,7252.40366767165,9121.02099480377
2018,0,1,senegal,colombia,SEN,COL,1484.22707035644,6782.03792033195
2018,0,1,japan,poland,JPN,POL,39751.1330982711,15504.5089370714
2018,0,1,england,belgium,ENG,BEL,,47544.9811472757
2018,1,2,panama,tunisia,PAN,TUN,16156.0742859681,3577.17534204669
2018,4,3,france,argentina,FRA,ARG,41557.8548588876,11795.1627452798
2018,2,1,uruguay,portugal,URY,PRT,19026.0498173005,23562.5545228191
2018,1,1,spain,russia,ESP,RUS,30379.7211126422,11287.3544921875
2018,1,1,croatia,denmark,HRV,DNK,15040.0369182791,61591.9288698958
2018,2,0,brazil,mexico,BRA,MEX,9121.02099480377,10130.3206984553
2018,3,2,belgium,japan,BEL,JPN,47544.9811472757,39751.1330982711
2018,1,0,sweden,switzerland,SWE,CHE,54589.0603860606,85217.3691512274
2018,1,1,colombia,england,COL,ENG,6782.03792033195,
2018,0,2,uruguay,france,URY,FRA,19026.0498173005,41557.8548588876
2018,1,2,brazil,belgium,BRA,BEL,9121.02099480377,47544.9811472757
2018,0,2,sweden,england,SWE,ENG,54589.0603860606,
2018,2,2,russia,croatia,RUS,HRV,11287.3544921875,15040.0369182791
2018,1,0,france,belgium,FRA,BEL,41557.8548588876,47544.9811472757
2018,2,1,croatia,england,HRV,ENG,15040.0369182791,
2018,2,0,belgium,england,BEL,ENG,47544.9811472757,
2018,4,2,croatia,france,HRV,FRA,15040.0369182791,41557.8548588876
2022,0,2,qatar,ecuador,QAT,ECU,87661.4501457275,6391.28248430643
2022,6,2,england,iran,ENG,IRN,,4669.57137993878
2022,0,2,senegal,netherlands,SEN,NLD,1598.72643336012,57025.01245598
2022,1,1,united states,wales,USA,WLS,76329.5822652029,
2022,1,2,argentina,saudi arabia,ARG,SAU,13650.6046294524,30447.8837074473
2022,0,0,denmark,tunisia,DNK,TUN,67790.0539923276,3747.41939149283
2022,0,0,mexico,poland,MEX,POL,11496.5228716049,18688.0044867103
2022,4,1,france,australia,FRA,AUS,40886.2532680273,65099.8459118981
2022,0,0,morocco,croatia,MAR,HRV,3441.99145507813,18570.4039968345
2022,1,2,germany,japan,DEU,JPN,48717.9911402128,34017.2718075024
2022,7,0,spain,costa rica,ESP,CRI,29674.5442864413,13365.3563992692
2022,1,0,belgium,canada,BEL,CAN,49926.8254295305,55522.445687688
2022,1,0,switzerland,cameroon,CHE,CMR,93259.9057183024,1563.48894034459
2022,0,0,uruguay,korea republic,URY,KOR,20795.0423535553,32422.5744864287
2022,3,2,portugal,ghana,PRT,GHA,24515.2658507319,2203.55893518303
2022,2,0,brazil,serbia,BRA,SRB,8917.67491057495,9537.68286673128
2022,0,2,wales,iran,WLS,IRN,,4669.57137993878
2022,1,3,qatar,senegal,QAT,SEN,87661.4501457275,1598.72643336012
2022,1,1,netherlands,ecuador,NLD,ECU,57025.01245598,6391.28248430643
2022,0,0,england,united states,ENG,USA,,76329.5822652029
2022,0,1,tunisia,australia,TUN,AUS,3747.41939149283,65099.8459118981
2022,2,0,poland,saudi arabia,POL,SAU,18688.0044867103,30447.8837074473
2022,2,1,france,denmark,FRA,DNK,40886.2532680273,67790.0539923276
2022,2,0,argentina,mexico,ARG,MEX,13650.6046294524,11496.5228716049
2022,0,1,japan,costa rica,JPN,CRI,34017.2718075024,13365.3563992692
2022,0,2,belgium,morocco,BEL,MAR,49926.8254295305,3441.99145507813
2022,4,1,croatia,canada,HRV,CAN,18570.4039968345,55522.445687688
2022,1,1,spain,germany,ESP,DEU,29674.5442864413,48717.9911402128
2022,3,3,cameroon,serbia,CMR,SRB,1563.48894034459,9537.68286673128
2022,2,3,korea republic,ghana,KOR,GHA,32422.5744864287,2203.55893518303
2022,1,0,brazil,switzerland,BRA,CHE,8917.67491057495,93259.9057183024
2022,2,0,portugal,uruguay,PRT,URY,24515.2658507319,20795.0423535553
2022,2,0,netherlands,qatar,NLD,QAT,57025.01245598,87661.4501457275
2022,1,2,ecuador,senegal,ECU,SEN,6391.28248430643,1598.72643336012
2022,0,3,wales,england,WLS,ENG,,
2022,0,1,iran,united states,IRN,USA,4669.57137993878,76329.5822652029
2022,1,0,australia,denmark,AUS,DNK,65099.8459118981,67790.0539923276
2022,1,0,tunisia,france,TUN,FRA,3747.41939149283,40886.2532680273
2022,0,2,poland,argentina,POL,ARG,18688.0044867103,13650.6046294524
2022,1,2,saudi arabia,mexico,SAU,MEX,30447.8837074473,11496.5228716049
2022,0,0,croatia,belgium,HRV,BEL,18570.4039968345,49926.8254295305
2022,1,2,canada,morocco,CAN,MAR,55522.445687688,3441.99145507813
2022,2,1,japan,spain,JPN,ESP,34017.2718075024,29674.5442864413
2022,2,4,costa rica,germany,CRI,DEU,13365.3563992692,48717.9911402128
2022,0,2,ghana,uruguay,GHA,URY,2203.55893518303,20795.0423535553
2022,2,1,korea republic,portugal,KOR,PRT,32422.5744864287,24515.2658507319
2022,2,3,serbia,switzerland,SRB,CHE,9537.68286673128,93259.9057183024
2022,1,0,cameroon,brazil,CMR,BRA,1563.48894034459,8917.67491057495
2022,3,1,netherlands,united states,NLD,USA,57025.01245598,76329.5822652029
2022,2,1,argentina,australia,ARG,AUS,13650.6046294524,65099.8459118981
2022,3,1,france,poland,FRA,POL,40886.2532680273,18688.0044867103
2022,3,0,england,senegal,ENG,SEN,,1598.72643336012
2022,1,1,japan,croatia,JPN,HRV,34017.2718075024,18570.4039968345
2022,4,1,brazil,korea republic,BRA,KOR,8917.67491057495,32422.5744864287
2022,0,0,morocco,spain,MAR,ESP,3441.99145507813,29674.5442864413
2022,6,1,portugal,switzerland,PRT,CHE,24515.2658507319,93259.9057183024
2022,1,1,croatia,brazil,HRV,BRA,18570.4039968345,8917.67491057495
2022,2,2,netherlands,argentina,NLD,ARG,57025.01245598,13650.6046294524
2022,1,0,morocco,portugal,MAR,PRT,3441.99145507813,24515.2658507319
2022,1,2,england,france,ENG,FRA,,40886.2532680273
2022,3,0,argentina,croatia,ARG,HRV,13650.6046294524,18570.4039968345
2022,2,0,france,morocco,FRA,MAR,40886.2532680273,3441.99145507813
2022,2,1,croatia,morocco,HRV,MAR,18570.4039968345,3441.99145507813
2022,3,3,argentina,france,ARG,FRA,13650.6046294524,40886.2532680273
