,Year,Home_goals,Away_goals,Home Team,Away Team
0,1930,4,1,FRA,MEX
1,1930,3,0,USA,BEL
2,1930,2,1,YUG,BRA
3,1930,3,1,ROU,PER
4,1930,1,0,ARG,FRA
5,1930,3,0,CHI,MEX
6,1930,4,0,YUG,BOL
7,1930,3,0,USA,PAR
8,1930,1,0,URU,PER
9,1930,1,0,CHI,FRA
10,1930,6,3,ARG,MEX
11,1930,4,0,BRA,BOL
12,1930,1,0,PAR,BEL
13,1930,4,0,URU,ROU
14,1930,3,1,ARG,CHI
15,1930,6,1,ARG,USA
16,1930,6,1,URU,YUG
17,1930,4,2,URU,ARG
18,1934,3,2,AUT,FRA
19,1934,4,2,HUN,EGY
20,1934,3,2,SUI,NED
21,1934,3,2,SWE,ARG
22,1934,5,2,GER,BEL
23,1934,3,1,ESP,BRA
24,1934,7,1,ITA,USA
25,1934,2,1,TCH,ROU
26,1934,3,2,TCH,SUI
27,1934,2,1,GER,SWE
28,1934,1,1,ITA,ESP
29,1934,2,1,AUT,HUN
30,1934,1,0,ITA,ESP
31,1934,1,0,ITA,AUT
32,1934,3,1,TCH,GER
33,1934,3,2,GER,AUT
34,1934,2,1,ITA,TCH
35,1938,1,1,SUI,GER
36,1938,6,0,HUN,INH
37,1938,3,1,FRA,BEL
38,1938,3,3,CUB,ROU
39,1938,2,1,ITA,NOR
40,1938,6,5,BRA,POL
41,1938,3,0,TCH,NED
42,1938,2,1,CUB,ROU
43,1938,4,2,SUI,GER
44,1938,1,1,BRA,TCH
45,1938,2,0,HUN,SUI
46,1938,8,0,SWE,CUB
47,1938,3,1,ITA,FRA
48,1938,2,1,BRA,TCH
49,1938,5,1,HUN,SWE
50,1938,2,1,ITA,BRA
51,1938,4,2,BRA,SWE
52,1938,4,2,ITA,HUN
53,1950,4,0,BRA,MEX
54,1950,2,0,ENG,CHI
55,1950,3,1,ESP,USA
56,1950,3,2,SWE,ITA
57,1950,3,0,YUG,SUI
58,1950,2,2,BRA,SUI
59,1950,4,1,YUG,MEX
60,1950,2,0,ESP,CHI
61,1950,2,2,SWE,PAR
62,1950,1,0,USA,ENG
63,1950,2,0,BRA,YUG
64,1950,1,0,ESP,ENG
65,1950,2,0,ITA,PAR
66,1950,8,0,URU,BOL
67,1950,2,1,SUI,MEX
68,1950,5,2,CHI,USA
69,1950,2,2,URU,ESP
70,1950,7,1,BRA,SWE
71,1950,6,1,BRA,ESP
72,1950,3,2,URU,SWE
73,1950,3,1,SWE,ESP
74,1950,2,1,URU,BRA
75,1954,2,0,URU,TCH
76,1954,1,0,AUT,SCO
77,1954,5,0,BRA,MEX
78,1954,1,0,YUG,FRA
79,1954,4,1,FRG,TUR
80,1954,9,0,HUN,KOR
81,1954,4,4,ENG,BEL
82,1954,2,1,SUI,ITA
83,1954,7,0,URU,SCO
84,1954,5,0,AUT,TCH
85,1954,3,2,FRA,MEX
86,1954,1,1,BRA,YUG
87,1954,8,3,HUN,FRG
88,1954,7,0,TUR,KOR
89,1954,2,0,ENG,SUI
90,1954,4,1,ITA,BEL
91,1954,7,2,FRG,TUR
92,1954,4,1,SUI,ITA
93,1954,4,2,URU,ENG
94,1954,7,5,AUT,SUI
95,1954,2,0,FRG,YUG
96,1954,4,2,HUN,BRA
97,1954,6,1,FRG,AUT
98,1954,4,2,HUN,URU
99,1954,3,1,AUT,URU
100,1954,3,2,FRG,HUN
101,1958,3,0,SWE,MEX
102,1958,2,2,URS,ENG
103,1958,1,3,ARG,FRG
104,1958,1,1,HUN,WAL
105,1958,7,3,FRA,PAR
106,1958,1,1,YUG,SCO
107,1958,3,0,BRA,AUT
108,1958,1,0,NIR,TCH
109,1958,0,0,BRA,ENG
110,1958,1,1,MEX,WAL
111,1958,3,2,PAR,SCO
112,1958,3,2,YUG,FRA
113,1958,2,0,URS,AUT
114,1958,2,2,FRG,TCH
115,1958,3,1,ARG,NIR
116,1958,2,1,SWE,HUN
117,1958,0,0,SWE,WAL
118,1958,2,0,BRA,URS
119,1958,2,2,FRG,NIR
120,1958,4,0,HUN,MEX
121,1958,3,3,PAR,YUG
122,1958,2,1,FRA,SCO
123,1958,2,2,ENG,AUT
124,1958,6,1,TCH,ARG
125,1958,1,0,URS,ENG
126,1958,2,1,NIR,TCH
127,1958,2,1,WAL,HUN
128,1958,1,0,BRA,WAL
129,1958,1,0,FRG,YUG
130,1958,2,0,SWE,URS
131,1958,4,0,FRA,NIR
132,1958,3,1,SWE,FRG
133,1958,5,2,BRA,FRA
134,1958,6,3,FRA,FRG
135,1958,5,2,BRA,SWE
136,1962,2,1,URU,COL
137,1962,2,0,BRA,MEX
138,1962,1,0,ARG,BUL
139,1962,3,1,CHI,SUI
140,1962,2,0,URS,YUG
141,1962,1,0,TCH,ESP
142,1962,2,1,HUN,ENG
143,1962,0,0,FRG,ITA
144,1962,3,1,YUG,URU
145,1962,0,0,BRA,TCH
146,1962,3,1,ENG,ARG
147,1962,2,0,CHI,ITA
148,1962,4,4,URS,COL
149,1962,1,0,ESP,MEX
150,1962,6,1,HUN,BUL
151,1962,2,1,FRG,SUI
152,1962,2,1,URS,URU
153,1962,2,1,BRA,ESP
154,1962,0,0,HUN,ARG
155,1962,2,0,FRG,CHI
156,1962,5,0,YUG,COL
157,1962,3,1,MEX,TCH
158,1962,0,0,ENG,BUL
159,1962,3,0,ITA,SUI
160,1962,2,1,CHI,URS
161,1962,3,1,BRA,ENG
162,1962,1,0,TCH,HUN
163,1962,1,0,YUG,FRG
164,1962,3,1,TCH,YUG
165,1962,4,2,BRA,CHI
166,1962,1,0,CHI,YUG
167,1962,3,1,BRA,TCH
168,1966,0,0,ENG,URU
169,1966,5,0,FRG,SUI
170,1966,2,0,BRA,BUL
171,1966,3,0,URS,PRK
172,1966,1,1,FRA,MEX
173,1966,3,1,POR,HUN
174,1966,2,1,ARG,ESP
175,1966,2,0,ITA,CHI
176,1966,2,1,URU,FRA
177,1966,2,1,ESP,SUI
178,1966,3,1,HUN,BRA
179,1966,1,1,PRK,CHI
180,1966,3,0,POR,BUL
181,1966,0,0,FRG,ARG
182,1966,1,0,URS,ITA
183,1966,2,0,ENG,MEX
184,1966,0,0,URU,MEX
185,1966,2,0,ARG,SUI
186,1966,3,1,POR,BRA
187,1966,1,0,PRK,ITA
188,1966,2,0,ENG,FRA
189,1966,3,1,HUN,BUL
190,1966,2,1,FRG,ESP
191,1966,2,1,URS,CHI
192,1966,1,0,ENG,ARG
193,1966,4,0,FRG,URU
194,1966,2,1,URS,HUN
195,1966,5,3,POR,PRK
196,1966,2,1,FRG,URS
197,1966,2,1,ENG,POR
198,1966,2,1,POR,URS
199,1966,4,2,ENG,FRG
200,1970,0,0,MEX,URS
201,1970,2,0,URU,ISR
202,1970,3,2,PER,BUL
203,1970,1,0,ENG,ROU
204,1970,1,0,ITA,SWE
205,1970,2,1,FRG,MAR
206,1970,4,1,BRA,TCH
207,1970,3,0,BEL,SLV
208,1970,0,0,URU,ITA
209,1970,3,0,PER,MAR
210,1970,2,1,ROU,TCH
211,1970,4,1,URS,BEL
212,1970,1,1,SWE,ISR
213,1970,5,2,FRG,BUL
214,1970,1,0,BRA,ENG
215,1970,4,0,MEX,SLV
216,1970,1,0,SWE,URU
217,1970,3,1,FRG,PER
218,1970,3,2,BRA,ROU
219,1970,2,0,URS,SLV
220,1970,0,0,ITA,ISR
221,1970,1,1,BUL,MAR
222,1970,1,0,ENG,TCH
223,1970,1,0,MEX,BEL
224,1970,4,1,ITA,MEX
225,1970,3,2,FRG,ENG
226,1970,4,2,BRA,PER
227,1970,1,0,URU,URS
228,1970,3,1,BRA,URU
229,1970,4,3,ITA,FRG
230,1970,1,0,FRG,URU
231,1970,4,1,BRA,ITA
232,1974,0,0,BRA,YUG
233,1974,1,0,FRG,CHI
234,1974,2,0,GDR,AUS
235,1974,0,2,ZAI,SCO
236,1974,0,2,URU,NED
237,1974,0,0,SWE,BUL
238,1974,3,1,ITA,HAI
239,1974,3,2,POL,ARG
240,1974,0,3,AUS,FRG
241,1974,0,0,SCO,BRA
242,1974,1,1,CHI,GDR
243,1974,9,0,YUG,ZAI
244,1974,0,0,NED,SWE
245,1974,1,1,BUL,URU
246,1974,0,7,HAI,POL
247,1974,1,1,ARG,ITA
248,1974,1,1,SCO,YUG
249,1974,0,0,AUS,CHI
250,1974,0,3,ZAI,BRA
251,1974,1,0,GDR,FRG
252,1974,1,4,BUL,NED
253,1974,4,1,ARG,HAI
254,1974,3,0,SWE,URU
255,1974,2,1,POL,ITA
256,1974,0,2,YUG,FRG
257,1974,1,0,BRA,GDR
258,1974,4,0,NED,ARG
259,1974,0,1,SWE,POL
260,1974,1,2,ARG,BRA
261,1974,2,1,POL,YUG
262,1974,0,2,GDR,NED
263,1974,4,2,FRG,SWE
264,1974,0,1,POL,FRG
265,1974,2,0,NED,BRA
266,1974,1,1,ARG,GDR
267,1974,2,1,SWE,YUG
268,1974,0,1,BRA,POL
269,1974,1,2,NED,FRG
270,1978,0,0,FRG,POL
271,1978,2,1,ITA,FRA
272,1978,3,1,TUN,MEX
273,1978,2,1,ARG,HUN
274,1978,1,1,SWE,BRA
275,1978,2,1,AUT,ESP
276,1978,3,1,PER,SCO
277,1978,3,0,NED,IRN
278,1978,3,1,ITA,HUN
279,1978,1,0,POL,TUN
280,1978,6,0,FRG,MEX
281,1978,2,1,ARG,FRA
282,1978,0,0,BRA,ESP
283,1978,1,0,AUT,SWE
284,1978,1,1,SCO,IRN
285,1978,0,0,NED,PER
286,1978,3,1,FRA,HUN
287,1978,3,1,POL,MEX
288,1978,0,0,FRG,TUN
289,1978,1,0,ITA,ARG
290,1978,1,0,BRA,AUT
291,1978,1,0,ESP,SWE
292,1978,4,1,PER,IRN
293,1978,3,2,SCO,NED
294,1978,0,0,FRG,ITA
295,1978,5,1,NED,AUT
296,1978,3,0,BRA,PER
297,1978,2,0,ARG,POL
298,1978,1,0,POL,PER
299,1978,1,0,ITA,AUT
300,1978,2,2,FRG,NED
301,1978,0,0,ARG,BRA
302,1978,2,1,NED,ITA
303,1978,3,2,AUT,FRG
304,1978,3,1,BRA,POL
305,1978,6,0,ARG,PER
306,1978,2,1,BRA,ITA
307,1978,3,1,ARG,NED
308,1982,0,1,ARG,BEL
309,1982,0,0,ITA,POL
310,1982,2,1,BRA,URS
311,1982,0,0,PER,CMR
312,1982,10,1,HUN,SLV
313,1982,5,2,SCO,NZL
314,1982,1,2,FRG,ALG
315,1982,3,1,ENG,FRA
316,1982,1,1,ESP,HON
317,1982,0,1,CHI,AUT
318,1982,1,1,TCH,KUW
319,1982,0,0,YUG,NIR
320,1982,1,1,ITA,PER
321,1982,4,1,ARG,HUN
322,1982,4,1,BRA,SCO
323,1982,0,0,POL,CMR
324,1982,1,0,BEL,SLV
325,1982,3,0,URS,NZL
326,1982,4,1,FRG,CHI
327,1982,2,0,ENG,TCH
328,1982,2,1,ESP,YUG
329,1982,0,2,ALG,AUT
330,1982,4,1,FRA,KUW
331,1982,1,1,HON,NIR
332,1982,5,1,POL,PER
333,1982,1,1,BEL,HUN
334,1982,2,2,URS,SCO
335,1982,1,1,ITA,CMR
336,1982,2,0,ARG,SLV
337,1982,4,0,BRA,NZL
338,1982,3,2,ALG,CHI
339,1982,1,1,FRA,TCH
340,1982,0,1,HON,YUG
341,1982,1,0,FRG,AUT
342,1982,1,0,ENG,KUW
343,1982,1,0,NIR,ESP
344,1982,0,1,AUT,FRA
345,1982,3,0,POL,BEL
346,1982,2,1,ITA,ARG
347,1982,0,0,FRG,ENG
348,1982,2,2,AUT,NIR
349,1982,0,1,BEL,URS
350,1982,1,3,ARG,BRA
351,1982,2,1,FRG,ESP
352,1982,4,1,FRA,NIR
353,1982,0,0,POL,URS
354,1982,3,2,ITA,BRA
355,1982,0,0,ESP,ENG
356,1982,0,2,POL,ITA
357,1982,3,3,FRG,FRA
358,1982,3,2,POL,FRA
359,1982,3,1,ITA,FRG
360,1986,1,1,BUL,ITA
361,1986,0,1,CAN,FRA
362,1986,0,1,ESP,BRA
363,1986,6,0,URS,HUN
364,1986,3,1,ARG,KOR
365,1986,0,0,MAR,POL
366,1986,1,1,ALG,NIR
367,1986,1,2,BEL,MEX
368,1986,1,0,POR,ENG
369,1986,1,0,PAR,IRQ
370,1986,0,1,SCO,DEN
371,1986,1,1,URU,FRG
372,1986,1,1,ITA,ARG
373,1986,1,1,FRA,URS
374,1986,1,1,KOR,BUL
375,1986,2,0,HUN,CAN
376,1986,1,0,BRA,ALG
377,1986,0,0,ENG,MAR
378,1986,1,2,NIR,ESP
379,1986,1,1,MEX,PAR
380,1986,1,0,POL,POR
381,1986,1,2,IRQ,BEL
382,1986,6,1,DEN,URU
383,1986,2,1,FRG,SCO
384,1986,0,3,HUN,FRA
385,1986,2,0,URS,CAN
386,1986,2,3,KOR,ITA
387,1986,2,0,ARG,BUL
388,1986,2,2,PAR,BEL
389,1986,0,1,IRQ,MEX
390,1986,1,3,POR,MAR
391,1986,3,0,ENG,POL
392,1986,0,3,NIR,BRA
393,1986,0,3,ALG,ESP
394,1986,0,0,SCO,URU
395,1986,2,0,DEN,FRG
396,1986,3,4,URS,BEL
397,1986,2,0,MEX,BUL
398,1986,1,0,ARG,URU
399,1986,4,0,BRA,POL
400,1986,0,2,ITA,FRA
401,1986,0,1,MAR,FRG
402,1986,3,0,ENG,PAR
403,1986,1,5,DEN,ESP
404,1986,1,1,BRA,FRA
405,1986,0,0,FRG,MEX
406,1986,1,1,ESP,BEL
407,1986,2,1,ARG,ENG
408,1986,0,2,FRA,FRG
409,1986,2,0,ARG,BEL
410,1986,4,2,FRA,BEL
411,1986,3,2,ARG,FRG
412,1990,0,1,ARG,CMR
413,1990,0,2,URS,ROU
414,1990,0,2,UAE,COL
415,1990,1,0,ITA,AUT
416,1990,1,5,USA,TCH
417,1990,2,1,BRA,SWE
418,1990,4,1,FRG,YUG
419,1990,1,0,CRC,SCO
420,1990,1,1,ENG,IRL
421,1990,2,0,BEL,KOR
422,1990,1,1,NED,EGY
423,1990,0,0,URU,ESP
424,1990,2,0,ARG,URS
425,1990,2,1,CMR,ROU
426,1990,1,0,YUG,COL
427,1990,1,0,ITA,USA
428,1990,0,1,AUT,TCH
429,1990,5,1,FRG,UAE
430,1990,1,0,BRA,CRC
431,1990,1,2,SWE,SCO
432,1990,0,0,ENG,NED
433,1990,0,0,IRL,EGY
434,1990,1,3,KOR,ESP
435,1990,3,1,BEL,URU
436,1990,1,1,ARG,ROU
437,1990,0,4,CMR,URS
438,1990,1,1,FRG,COL
439,1990,4,1,YUG,UAE
440,1990,2,0,ITA,TCH
441,1990,2,1,AUT,USA
442,1990,1,0,BRA,SCO
443,1990,1,2,SWE,CRC
444,1990,0,1,KOR,URU
445,1990,1,2,BEL,ESP
446,1990,1,1,IRL,NED
447,1990,1,0,ENG,EGY
448,1990,2,1,CMR,COL
449,1990,4,1,TCH,CRC
450,1990,0,1,BRA,ARG
451,1990,2,1,FRG,NED
452,1990,0,0,IRL,ROU
453,1990,2,0,ITA,URU
454,1990,1,2,ESP,YUG
455,1990,1,0,ENG,BEL
456,1990,0,0,YUG,ARG
457,1990,1,0,ITA,IRL
458,1990,1,0,FRG,TCH
459,1990,3,2,ENG,CMR
460,1990,1,1,ITA,ARG
461,1990,1,1,FRG,ENG
462,1990,2,1,ITA,ENG
463,1990,1,0,FRG,ARG
464,1994,2,2,ESP,KOR
465,1994,1,0,GER,BOL
466,1994,1,1,USA,SUI
467,1994,0,1,ITA,IRL
468,1994,1,3,COL,ROU
469,1994,1,0,BEL,MAR
470,1994,1,0,NOR,MEX
471,1994,2,2,CMR,SWE
472,1994,2,1,NED,KSA
473,1994,2,0,BRA,RUS
474,1994,4,0,ARG,GRE
475,1994,3,0,NGA,BUL
476,1994,1,1,GER,ESP
477,1994,1,4,ROU,SUI
478,1994,2,1,USA,COL
479,1994,1,0,ITA,NOR
480,1994,0,0,KOR,BOL
481,1994,2,1,MEX,IRL
482,1994,3,1,SWE,RUS
483,1994,3,0,BRA,CMR
484,1994,1,0,BEL,NED
485,1994,2,1,KSA,MAR
486,1994,2,1,ARG,NGA
487,1994,4,0,BUL,GRE
488,1994,0,1,USA,ROU
489,1994,0,2,SUI,COL
490,1994,3,2,GER,KOR
491,1994,1,3,BOL,ESP
492,1994,0,0,IRL,NOR
493,1994,1,1,BRA,SWE
494,1994,1,1,ITA,MEX
495,1994,6,1,RUS,CMR
496,1994,1,2,MAR,NED
497,1994,0,1,BEL,KSA
498,1994,0,2,GRE,NGA
499,1994,0,2,ARG,BUL
500,1994,3,2,GER,BEL
501,1994,3,0,ESP,SUI
502,1994,1,3,KSA,SWE
503,1994,3,2,ROU,ARG
504,1994,2,0,NED,IRL
505,1994,1,0,BRA,USA
506,1994,1,2,NGA,ITA
507,1994,1,1,MEX,BUL
508,1994,2,1,ITA,ESP
509,1994,2,3,NED,BRA
510,1994,2,1,BUL,GER
511,1994,2,2,ROU,SWE
512,1994,1,2,BUL,ITA
513,1994,0,1,SWE,BRA
514,1994,4,0,SWE,BUL
515,1994,0,0,BRA,ITA
516,1998,2,1,BRA,SCO
517,1998,2,2,MAR,NOR
518,1998,2,2,ITA,CHI
519,1998,1,1,CMR,AUT
520,1998,0,0,PAR,BUL
521,1998,0,1,KSA,DEN
522,1998,3,0,FRA,RSA
523,1998,2,3,ESP,NGA
524,1998,1,3,KOR,MEX
525,1998,0,0,NED,BEL
526,1998,1,0,ARG,JPN
527,1998,1,0,YUG,IRN
528,1998,1,3,JAM,CRO
529,1998,2,0,ENG,TUN
530,1998,1,0,ROU,COL
531,1998,2,0,GER,USA
532,1998,1,1,SCO,NOR
533,1998,3,0,BRA,MAR
534,1998,1,1,CHI,AUT
535,1998,3,0,ITA,CMR
536,1998,1,1,RSA,DEN
537,1998,4,0,FRA,KSA
538,1998,1,0,NGA,BUL
539,1998,0,0,ESP,PAR
540,1998,0,1,JPN,CRO
541,1998,2,2,BEL,MEX
542,1998,5,0,NED,KOR
543,1998,2,2,GER,YUG
544,1998,5,0,ARG,JAM
545,1998,1,2,USA,IRN
546,1998,1,0,COL,TUN
547,1998,2,1,ROU,ENG
548,1998,2,1,ITA,AUT
549,1998,1,1,CHI,CMR
550,1998,0,3,SCO,MAR
551,1998,1,2,BRA,NOR
552,1998,2,1,FRA,DEN
553,1998,2,2,RSA,KSA
554,1998,6,1,ESP,BUL
555,1998,1,3,NGA,PAR
556,1998,1,1,BEL,KOR
557,1998,2,2,NED,MEX
558,1998,2,0,GER,IRN
559,1998,0,1,USA,YUG
560,1998,1,2,JPN,JAM
561,1998,1,0,ARG,CRO
562,1998,1,1,ROU,TUN
563,1998,0,2,COL,ENG
564,1998,1,0,ITA,NOR
565,1998,4,1,BRA,CHI
566,1998,1,0,FRA,PAR
567,1998,1,4,NGA,DEN
568,1998,2,1,GER,MEX
569,1998,2,1,NED,YUG
570,1998,0,1,ROU,CRO
571,1998,2,2,ARG,ENG
572,1998,0,0,ITA,FRA
573,1998,3,2,BRA,DEN
574,1998,2,1,NED,ARG
575,1998,0,3,GER,CRO
576,1998,1,1,BRA,NED
577,1998,2,1,FRA,CRO
578,1998,1,2,NED,CRO
579,1998,0,3,BRA,FRA
580,2002,0,1,FRA,SEN
581,2002,1,2,URU,DEN
582,2002,1,1,IRL,CMR
583,2002,8,0,GER,KSA
584,2002,1,0,ARG,NGA
585,2002,2,2,PAR,RSA
586,2002,1,1,ENG,SWE
587,2002,3,1,ESP,SVN
588,2002,2,1,BRA,TUR
589,2002,2,0,ITA,ECU
590,2002,0,1,CRO,MEX
591,2002,0,2,CHN,CRC
592,2002,2,2,JPN,BEL
593,2002,2,0,KOR,POL
594,2002,2,0,RUS,TUN
595,2002,3,2,USA,POR
596,2002,1,1,GER,IRL
597,2002,1,1,DEN,SEN
598,2002,1,0,CMR,KSA
599,2002,0,0,FRA,URU
600,2002,2,1,SWE,NGA
601,2002,0,1,ARG,ENG
602,2002,3,1,ESP,PAR
603,2002,1,0,RSA,SVN
604,2002,4,0,BRA,CHN
605,2002,1,2,ITA,CRO
606,2002,1,1,CRC,TUR
607,2002,1,0,JPN,RUS
608,2002,2,1,MEX,ECU
609,2002,1,1,KOR,USA
610,2002,4,0,POR,POL
611,2002,1,1,TUN,BEL
612,2002,2,0,DEN,FRA
613,2002,3,3,SEN,URU
614,2002,0,3,KSA,IRL
615,2002,0,2,CMR,GER
616,2002,1,1,SWE,ARG
617,2002,0,0,NGA,ENG
618,2002,1,3,SVN,PAR
619,2002,2,3,RSA,ESP
620,2002,2,5,CRC,BRA
621,2002,3,0,TUR,CHN
622,2002,1,0,ECU,CRO
623,2002,1,1,MEX,ITA
624,2002,0,2,TUN,JPN
625,2002,0,1,POR,KOR
626,2002,3,1,POL,USA
627,2002,3,2,BEL,RUS
628,2002,0,3,DEN,ENG
629,2002,1,0,GER,PAR
630,2002,1,1,ESP,IRL
631,2002,1,2,SWE,SEN
632,2002,2,0,BRA,BEL
633,2002,0,2,MEX,USA
634,2002,0,1,JPN,TUR
635,2002,2,1,KOR,ITA
636,2002,1,2,ENG,BRA
637,2002,1,0,GER,USA
638,2002,0,1,SEN,TUR
639,2002,0,0,ESP,KOR
640,2002,1,0,GER,KOR
641,2002,1,0,BRA,TUR
642,2002,2,3,KOR,TUR
643,2002,0,2,GER,BRA
644,2006,4,2,GER,CRC
645,2006,0,2,POL,ECU
646,2006,1,0,ENG,PAR
647,2006,0,0,TRI,SWE
648,2006,2,1,ARG,CIV
649,2006,0,1,SCG,NED
650,2006,3,1,MEX,IRN
651,2006,0,1,ANG,POR
652,2006,3,1,AUS,JPN
653,2006,0,3,USA,CZE
654,2006,2,0,ITA,GHA
655,2006,2,1,KOR,TOG
656,2006,0,0,FRA,SUI
657,2006,1,0,BRA,CRO
658,2006,4,0,ESP,UKR
659,2006,2,2,TUN,KSA
660,2006,1,0,GER,POL
661,2006,3,0,ECU,CRC
662,2006,2,0,ENG,TRI
663,2006,1,0,SWE,PAR
664,2006,6,0,ARG,SCG
665,2006,2,1,NED,CIV
666,2006,0,0,MEX,ANG
667,2006,2,0,POR,IRN
668,2006,0,2,CZE,GHA
669,2006,1,1,ITA,USA
670,2006,0,0,JPN,CRO
671,2006,2,0,BRA,AUS
672,2006,1,1,FRA,KOR
673,2006,0,2,TOG,SUI
674,2006,0,4,KSA,UKR
675,2006,3,1,ESP,TUN
676,2006,0,3,ECU,GER
677,2006,1,2,CRC,POL
678,2006,2,2,SWE,ENG
679,2006,2,0,PAR,TRI
680,2006,1,1,IRN,ANG
681,2006,2,1,POR,MEX
682,2006,0,0,NED,ARG
683,2006,3,2,CIV,SCG
684,2006,0,2,CZE,ITA
685,2006,2,1,GHA,USA
686,2006,1,4,JPN,BRA
687,2006,2,2,CRO,AUS
688,2006,1,0,UKR,TUN
689,2006,0,1,KSA,ESP
690,2006,0,2,TOG,FRA
691,2006,2,0,SUI,KOR
692,2006,2,0,GER,SWE
693,2006,2,1,ARG,MEX
694,2006,1,0,ENG,ECU
695,2006,1,0,POR,NED
696,2006,1,0,ITA,AUS
697,2006,0,0,SUI,UKR
698,2006,3,0,BRA,GHA
699,2006,1,3,ESP,FRA
700,2006,1,1,GER,ARG
701,2006,3,0,ITA,UKR
702,2006,0,0,ENG,POR
703,2006,0,1,BRA,FRA
704,2006,0,2,GER,ITA
705,2006,0,1,POR,FRA
706,2006,3,1,GER,POR
707,2006,1,1,ITA,FRA
708,2010,1,1,RSA,MEX
709,2010,0,0,URU,FRA
710,2010,2,0,KOR,GRE
711,2010,1,0,ARG,NGA
712,2010,1,1,ENG,USA
713,2010,0,1,ALG,SVN
714,2010,0,1,SRB,GHA
715,2010,4,0,GER,AUS
716,2010,2,0,NED,DEN
717,2010,1,0,JPN,CMR
718,2010,1,1,ITA,PAR
719,2010,1,1,NZL,SVK
720,2010,0,0,CIV,POR
721,2010,2,1,BRA,PRK
722,2010,0,1,HON,CHI
723,2010,0,1,ESP,SUI
724,2010,0,3,RSA,URU
725,2010,4,1,ARG,KOR
726,2010,2,1,GRE,NGA
727,2010,0,2,FRA,MEX
728,2010,0,1,GER,SRB
729,2010,2,2,SVN,USA
730,2010,0,0,ENG,ALG
731,2010,1,0,NED,JPN
732,2010,1,1,GHA,AUS
733,2010,1,2,CMR,DEN
734,2010,0,2,SVK,PAR
735,2010,1,1,ITA,NZL
736,2010,3,1,BRA,CIV
737,2010,7,0,POR,PRK
738,2010,1,0,CHI,SUI
739,2010,2,0,ESP,HON
740,2010,0,1,MEX,URU
741,2010,1,2,FRA,RSA
742,2010,2,2,NGA,KOR
743,2010,0,2,GRE,ARG
744,2010,0,1,SVN,ENG
745,2010,1,0,USA,ALG
746,2010,0,1,GHA,GER
747,2010,2,1,AUS,SRB
748,2010,3,2,SVK,ITA
749,2010,0,0,PAR,NZL
750,2010,1,3,DEN,JPN
751,2010,1,2,CMR,NED
752,2010,0,0,POR,BRA
753,2010,0,3,PRK,CIV
754,2010,1,2,CHI,ESP
755,2010,0,0,SUI,HON
756,2010,2,1,URU,KOR
757,2010,1,2,USA,GHA
758,2010,4,1,GER,ENG
759,2010,3,1,ARG,MEX
760,2010,2,1,NED,SVK
761,2010,3,0,BRA,CHI
762,2010,0,0,PAR,JPN
763,2010,1,0,ESP,POR
764,2010,2,1,NED,BRA
765,2010,1,1,URU,GHA
766,2010,0,4,ARG,GER
767,2010,0,1,PAR,ESP
768,2010,2,3,URU,NED
769,2010,0,1,GER,ESP
770,2010,2,3,URU,GER
771,2010,0,1,NED,ESP
772,2014,3,1,BRA,CRO
773,2014,1,0,MEX,CMR
774,2014,1,5,ESP,NED
775,2014,3,1,CHI,AUS
776,2014,3,0,COL,GRE
777,2014,1,3,URU,CRC
778,2014,1,2,ENG,ITA
779,2014,2,1,CIV,JPN
780,2014,2,1,SUI,ECU
781,2014,3,0,FRA,HON
782,2014,2,1,ARG,BIH
783,2014,4,0,GER,POR
784,2014,0,0,IRN,NGA
785,2014,1,2,GHA,USA
786,2014,2,1,BEL,ALG
787,2014,0,0,BRA,MEX
788,2014,1,1,RUS,KOR
789,2014,2,3,AUS,NED
790,2014,0,2,ESP,CHI
791,2014,0,4,CMR,CRO
792,2014,2,1,COL,CIV
793,2014,2,1,URU,ENG
794,2014,0,0,JPN,GRE
795,2014,0,1,ITA,CRC
796,2014,2,5,SUI,FRA
797,2014,1,2,HON,ECU
798,2014,1,0,ARG,IRN
799,2014,2,2,GER,GHA
800,2014,1,0,NGA,BIH
801,2014,1,0,BEL,RUS
802,2014,2,4,KOR,ALG
803,2014,2,2,USA,POR
804,2014,0,3,AUS,ESP
805,2014,2,0,NED,CHI
806,2014,1,4,CMR,BRA
807,2014,1,3,CRO,MEX
808,2014,0,1,ITA,URU
809,2014,0,0,CRC,ENG
810,2014,1,4,JPN,COL
811,2014,2,1,GRE,CIV
812,2014,2,3,NGA,ARG
813,2014,3,1,BIH,IRN
814,2014,0,3,HON,SUI
815,2014,0,0,ECU,FRA
816,2014,0,1,USA,GER
817,2014,2,1,POR,GHA
818,2014,0,1,KOR,BEL
819,2014,1,1,ALG,RUS
820,2014,1,1,BRA,CHI
821,2014,2,0,COL,URU
822,2014,2,0,FRA,NGA
823,2014,2,1,GER,ALG
824,2014,2,1,BRA,COL
825,2014,0,1,FRA,GER
826,2014,1,7,BRA,GER
827,2014,0,3,BRA,NED
828,2014,1,0,GER,ARG
829,2014,0,0,NED,ARG
830,2014,0,0,NED,CRC
831,2014,1,0,ARG,BEL
832,2014,2,1,NED,MEX
833,2014,1,1,CRC,GRE
834,2014,1,0,ARG,SUI
835,2014,2,1,BEL,USA
836,2014,1,1,BRA,CHI
837,2014,2,0,COL,URU
838,2014,2,1,NED,MEX
839,2014,1,1,CRC,GRE
840,2014,2,0,FRA,NGA
841,2014,2,1,GER,ALG
842,2014,1,0,ARG,SUI
843,2014,2,1,BEL,USA
844,2014,0,1,FRA,GER
845,2014,2,1,BRA,COL
846,2014,1,0,ARG,BEL
847,2014,0,0,NED,CRC
848,2014,1,7,BRA,GER
849,2014,0,0,NED,ARG
850,2014,0,3,BRA,NED
851,2014,1,0,GER,ARG
852,2018,5,0,RUS,SAU
853,2018,0,1,EGY,URY
854,2018,0,1,MAR,IRN
855,2018,3,3,PRT,ESP
856,2018,2,1,FRA,AUS
857,2018,1,1,ARG,ISL
858,2018,0,1,PER,DNK
859,2018,2,0,HRV,NGA
860,2018,0,1,CRI,SRB
861,2018,0,1,DEU,MEX
862,2018,1,1,BRA,CHE
863,2018,1,0,SWE,KOR
864,2018,3,0,BEL,PAN
865,2018,1,2,TUN,GBR
866,2018,1,2,COL,JPN
867,2018,1,2,POL,SEN
868,2018,3,1,RUS,EGY
869,2018,1,0,PRT,MAR
870,2018,1,0,URY,SAU
871,2018,0,1,IRN,ESP
872,2018,1,1,DNK,AUS
873,2018,1,0,FRA,PER
874,2018,0,3,ARG,HRV
875,2018,2,0,BRA,CRI
876,2018,2,0,NGA,ISL
877,2018,1,2,SRB,CHE
878,2018,5,2,BEL,TUN
879,2018,1,2,KOR,MEX
880,2018,2,1,DEU,SWE
881,2018,6,1,GBR,PAN
882,2018,2,2,JPN,SEN
883,2018,0,3,POL,COL
884,2018,2,1,SAU,EGY
885,2018,3,0,URY,RUS
886,2018,1,1,IRN,PRT
887,2018,2,2,ESP,MAR
888,2018,0,2,AUS,PER
889,2018,0,0,DNK,FRA
890,2018,1,2,NGA,ARG
891,2018,1,2,ISL,HRV
892,2018,0,3,MEX,SWE
893,2018,2,0,KOR,DEU
894,2018,2,2,CHE,CRI
895,2018,0,2,SRB,BRA
896,2018,0,1,SEN,COL
897,2018,0,1,JPN,POL
898,2018,0,1,GBR,BEL
899,2018,1,2,PAN,TUN
900,2018,4,3,FRA,ARG
901,2018,2,1,URY,PRT
902,2018,1,1,ESP,RUS
903,2018,1,1,HRV,DNK
904,2018,2,0,BRA,MEX
905,2018,3,2,BEL,JPN
906,2018,1,0,SWE,CHE
907,2018,1,1,COL,GBR
908,2018,0,2,URY,FRA
909,2018,1,2,BRA,BEL
910,2018,0,2,SWE,GBR
911,2018,2,2,RUS,HRV
912,2018,1,0,FRA,BEL
913,2018,2,1,HRV,GBR
914,2018,2,0,BEL,GBR
915,2018,4,2,HRV,FRA
